"CUSTOMER_CODE","FIRSTNAME","LASTNAME"
"CUST00000001","Henk","Seibel"
"CUST00000002","Pauline","Meterson"
"CUST00000003","Truus","Meterson"
"CUST00000004","Lea","Spensley"
"CUST00000005","Nathan","Trainor"
"CUST00000006","Mariska","Slemp"
"CUST00000007","Guus","Freeman"
"CUST00000008","Carolina","Pekagnan"
"CUST00000009","Sue","Sakurai"
"CUST00000010","Helma","Lannigham"
"CUST00000011","Charlotte","Fox"
"CUST00000012","Gabrielle","Sharp"
"CUST00000013","Scottie","Anthony"
"CUST00000014","Gerrit","Goodman"
"CUST00000015","Philippa","Conley"
"CUST00000016","Tim","Anderson"
"CUST00000017","Rob","Ditmanen"
"CUST00000018","Daniela","Simonent"
"CUST00000019","Mariska","Pearlman"
"CUST00000020","Alice","DeBerg"
"CUST00000021","Nick","Makelaar"
"CUST00000022","Truus","van Goes"
"CUST00000023","Netty","Sirabella"
"CUST00000024","Henry","Hoyt"
"CUST00000025","Lotte","Buchholz"
"CUST00000026","Christa","Richter"
"CUST00000027","William","Freeman"
"CUST00000028","Ross","Long"
"CUST00000029","Mikkel","Wakefield"
"CUST00000030","Truus","Deleo"
"CUST00000031","Geoff","Botsik"
"CUST00000032","Ann","Malone"
"CUST00000033","Richard","Markovi"
"CUST00000034","Tara","Archer"
"CUST00000035","Steven","Barbee"
"CUST00000036","Ashley","Bitmacs"
"CUST00000037","Julia","Kellock"
"CUST00000038","Francisco","Millis"
"CUST00000039","Peter","Prior"
"CUST00000040","Charles","Voigt"
"CUST00000041","Max","Conley"
"CUST00000042","Amy","Wesolowski"
"CUST00000043","Luis","Imhoff"
"CUST00000044","Frederik","Robbins"
"CUST00000045","Charlie","Huston"
"CUST00000046","Chuck","Symms"
"CUST00000047","Linnea","Imhoff"
"CUST00000048","Scottie","Hopper"
"CUST00000049","Kaylee","King"
"CUST00000050","Joey","Young"
"CUST00000051","Nicky","Wargula"
"CUST00000052","Niklas","Wolpert"
"CUST00000053","Sara","Krutkov"
"CUST00000054","Frederik","Brown"
"CUST00000055","Sarah","Stockton"
"CUST00000056","Emily","Brennan"
"CUST00000057","Zofia","Daughtery"
"CUST00000058","Philippa","Herring"
"CUST00000059","Helen","Turk"
"CUST00000060","Lotte","Mariojnisk"
"CUST00000061","Ryan","Mulders"
"CUST00000062","Ronald","Noteboom"
"CUST00000063","Herbert","Praeger"
"CUST00000064","Taylor","Cain"
"CUST00000065","Sylvia","Ward	"
"CUST00000066","Joanne","Patricelli"
"CUST00000067","Richard","Brendjens"
"CUST00000068","Klara","Donatelli"
"CUST00000069","Caitlin","Jones"
"CUST00000070","Nico","Wesolowski"
"CUST00000071","Dorothy","Zapetis"
"CUST00000072","Matt","Kepler"
"CUST00000073","Cristian","Uprovski"
"CUST00000074","Camila","Anderson"
"CUST00000075","Lucas","Toreau"
"CUST00000076","Chuck","Van Toorenbeek"
"CUST00000077","Scotty","McDaniel"
"CUST00000078","Callum","Friedman"
"CUST00000079","Alejandro","Bergdahl"
"CUST00000080","Leontien","Goodnight"
"CUST00000081","Juan","Storrs"
"CUST00000082","Carla","Framus"
"CUST00000083","Nigel","Francis"
"CUST00000084","Kimmy","Hardoon"
"CUST00000085","Erik","Roche"
"CUST00000086","Filip","Keller"
"CUST00000087","Catherine","Poissant"
"CUST00000088","Sanne","Liddle"
"CUST00000089","Matt","Millis"
"CUST00000090","Jace","DeWald"
"CUST00000091","Jurre","Moreau"
"CUST00000092","Rachael","Schubert"
"CUST00000093","Charlie","Dulisse"
"CUST00000094","Sjanie","Goodman"
"CUST00000095","Lotte","Young"
"CUST00000096","Liza","Archer"
"CUST00000097","Amber","Lawton"
"CUST00000098","Sem","Clark"
"CUST00000099","Tim","Sharp"
"CUST00000100","Jorge","Hollman"
"CUST00000101","Elin","Guyer"
"CUST00000102","Pieter","Frega"
"CUST00000103","Sam","Voigt"
"CUST00000104","Matthijs","Julieze"
"CUST00000105","Maggie","Mejia"
"CUST00000106","Lia","Hancock"
"CUST00000107","Freja","McDaniel"
"CUST00000108","Sem","Arnold"
"CUST00000109","Babet","Arden"
"CUST00000110","Liza","Ayers"
"CUST00000111","Daniela","Ayers"
"CUST00000112","Jace","Martin"
"CUST00000113","Alfons","Baltec"
"CUST00000114","Henry","Helfrich"
"CUST00000115","Mikkel","Press"
"CUST00000116","Charles","Nadalin"
"CUST00000117","Sofia","Gonzalez"
"CUST00000118","Mikkel","Leonarda"
"CUST00000119","Karen","Visentini"
"CUST00000120","Babette","Troher"
"CUST00000121","Duncan","Press"
"CUST00000122","Alvaro","Bitmacs"
"CUST00000123","Lars","Lee"
"CUST00000124","Thomas","Gildersleeve"
"CUST00000125","Alfons","Van Dinter"
"CUST00000126","Marty","Ahlgren"
"CUST00000127","Marco","Plantz"
"CUST00000128","Cathy","Gerschkow"
"CUST00000129","Jordy","Oyler"
"CUST00000130","Leontien","Friedman"
"CUST00000131","Sherm","Langham	"
"CUST00000132","Shermie","DeBuck"
"CUST00000133","Scott","Lawton"
"CUST00000134","Cecilie","Ratliff"
"CUST00000135","Tom","Ijukop"
"CUST00000136","Sylvia","Menovosa"
"CUST00000137","Christian","Poplock"
"CUST00000138","Tinus","Mcgrew"
"CUST00000139","Bo","Chwatal"
"CUST00000140","Edwin","Mulders"
"CUST00000141","Sharon","Johnson"
"CUST00000142","Saskia","Moore"
"CUST00000143","Saskia","Pensec"
"CUST00000144","Joey","Boyer"
"CUST00000145","Henk","Reames"
"CUST00000146","Sjef","White"
"CUST00000147","Mike","Goodnight"
"CUST00000148","Dick","Mayberry"
"CUST00000149","Catherine","Weinstein"
"CUST00000150","Juana","Poissant"
"CUST00000151","Hanna","Roger"
"CUST00000152","Maximilian","Carlos"
"CUST00000153","Alvaro","Wood"
"CUST00000154","Linnea","Stockton"
"CUST00000155","Peter","Friedman"
"CUST00000156","Wilma","Ijukop"
"CUST00000157","Bob","Petterson"
"CUST00000158","Tomasz","Chwatal"
"CUST00000159","Leontien","Lejarette"
"CUST00000160","Harry","Braconi"
"CUST00000161","Nicoline","Freeman"
"CUST00000162","Karen","Hankins"
"CUST00000163","Lisa","Herrin"
"CUST00000164","Alfons","Mcnally"
"CUST00000165","Alba","Stannard"
"CUST00000166","Lauren","Stevenson"
"CUST00000167","Bas","Vanderoever"
"CUST00000168","Nicoline","Caouette"
"CUST00000169","Mick","Hulshof"
"CUST00000170","Mario","Linton"
"CUST00000171","Bob","Long"
"CUST00000172","Alva","Royal"
"CUST00000173","Mike","Brady"
"CUST00000174","Coby","Johnson"
"CUST00000175","Carla","Glanswol"
"CUST00000176","Ben","Hamilton"
"CUST00000177","Ricardo","Ray"
"CUST00000178","Catherine","Cross"
"CUST00000179","Ada","Donatelli"
"CUST00000180","Wilma","Sakurai"
"CUST00000181","Delphine","Ionescu"
"CUST00000182","Juana","van Dijk"
"CUST00000183","Ed","Daniel"
"CUST00000184","Edwina","King"
"CUST00000185","Carlos","van Dijk"
"CUST00000186","Sandra","Ray"
"CUST00000187","Alexander","Emerson"
"CUST00000188","Roger","Grote"
"CUST00000189","Lucas","Shapiro"
"CUST00000190","Kimmy","Cappello"
"CUST00000191","Mariska","Miller"
"CUST00000192","Ronald","Uprovski"
"CUST00000193","Niklas","Reyes"
"CUST00000194","Theodore","Krutkov"
"CUST00000195","Lara","Howe"
"CUST00000196","Ryan","Dulisse"
"CUST00000197","Henry","Griffioen"
"CUST00000198","Pieter","Mulders"
"CUST00000199","Tomas","Slater"
"CUST00000200","Luka","Willis"
"CUST00000201","Ricardo","Zapetis"
"CUST00000202","Matthew","Wood"
"CUST00000203","PieterJan","Gaskins"
"CUST00000204","Lia","Huffsmitt"
"CUST00000205","Georgina","Lee"
"CUST00000206","Andy","Bright"
"CUST00000207","Geoffery","Griffith"
"CUST00000208","Bess","Pensec"
"CUST00000209","Duncan","Uitergeest"
"CUST00000210","Mads","Angarano"
"CUST00000211","Viktor","Pengilly"
"CUST00000212","Albert","Foreman"
"CUST00000213","Joshua","Malone"
"CUST00000214","Rosa","Stewart"
"CUST00000215","Gill","Climent"
"CUST00000216","Martin","Seibel"
"CUST00000217","Erin","Shapiro"
"CUST00000218","Johnny","Gieske"
"CUST00000219","Elena","Jenssen"
"CUST00000220","Fons","Sakurai"
"CUST00000221","Ana","Weinstein"
"CUST00000222","Georgina","Goodnight"
"CUST00000223","Johnny","Wilson"
"CUST00000224","Bo","Praeger"
"CUST00000225","Emily","Orcutt"
"CUST00000226","Tara","Antonucci"
"CUST00000227","Jozef","Caffray"
"CUST00000228","Jordy","Toler"
"CUST00000229","Siem","Hedgecock"
"CUST00000230","Anthony","Nahay"
"CUST00000231","Tony","Symbouras"
"CUST00000232","Agnieszka","Walker"
"CUST00000233","Nico","Cappello"
"CUST00000234","Sally","Waddell"
"CUST00000235","Sjanie","Willis"
"CUST00000236","Lizzy","Stannard"
"CUST00000237","Miriam","Grote"
"CUST00000238","Joop","Fernandez"
"CUST00000239","Rachael","Ostanik"
"CUST00000240","Patricia","Slemp"
"CUST00000241","Izzy","Naley"
"CUST00000242","Ollie","Green"
"CUST00000243","Andrzej","Ijukop"
"CUST00000244","Chris","Francis"
"CUST00000245","Will","Franklin"
"CUST00000246","Ted","Dittrich"
"CUST00000247","Duncan","DeWald"
"CUST00000248","Claudia","Mariojnisk"
"CUST00000249","Talita","Nefos"
"CUST00000250","Scottie","Cooper"
"CUST00000251","Manuel","Cooper"
"CUST00000252","Sam","Huston"
"CUST00000253","Matthijs","Dean"
"CUST00000254","Al","van Doorn"
"CUST00000255","Barbara","LeGrand"
"CUST00000256","Bob","Overton"
"CUST00000257","Ashley","Brennan"
"CUST00000258","Johnny","Herzog"
"CUST00000259","Maggie","Krutkov"
"CUST00000260","Helma","Guethlein"
"CUST00000261","Edward","Lannigham"
"CUST00000262","Alejandro","Grote"
"CUST00000263","Mathias","Goodnight"
"CUST00000264","Gert","Lejarette"
"CUST00000265","Sanne","Martin"
"CUST00000266","Francisco","van der Laar"
"CUST00000267","Ryan","Deans"
"CUST00000268","Amber","Sakurai"
"CUST00000269","Dorothy","Mitchell"
"CUST00000270","Tomas","Seibel"
"CUST00000271","Teddy","Robertson"
"CUST00000272","Jean","Bernstein"
"CUST00000273","Lia","Phelps"
"CUST00000274","Georgina","Trainor"
"CUST00000275","Madison","Robinson"
"CUST00000276","Pieter","Krutkov"
"CUST00000277","Herb","Emerson"
"CUST00000278","Sam","Sharp"
"CUST00000279","Joe","Wilson"
"CUST00000280","Margaret","Cappello"
"CUST00000281","Mick","Markovi"
"CUST00000282","Godfrey","Sirabella"
"CUST00000283","Drew","Reames"
"CUST00000284","Ida","Walker"
"CUST00000285","Co","Hancock"
"CUST00000286","Karen","Conley"
"CUST00000287","Edwina","Ecchevarri"
"CUST00000288","Piotr","Poole"
"CUST00000289","Tara","Tudisco"
"CUST00000290","Vincent","Sirabella"
"CUST00000291","Jacob","Meterson"
"CUST00000292","Katharina","Gibson"
"CUST00000293","Mads","Petterson"
"CUST00000294","Gabbie","Wood"
"CUST00000295","Drew","Climent"
"CUST00000296","Raul","Clarke"
"CUST00000297","Joanne","Howe"
"CUST00000298","Jeanette","Hoogbandt"
"CUST00000299","Rosa","Prior"
"CUST00000300","Jean","Franklin"
"CUST00000301","Theo","Ahlgren"
"CUST00000302","Nick","Lawton"
"CUST00000303","Helen","Daley"
"CUST00000304","Sem","Katsekes"
"CUST00000305","Joost","Sterrett"
"CUST00000306","Nate","Antonucci"
"CUST00000307","Ana","Deleo"
"CUST00000308","Zoe","Hamilton"
"CUST00000309","Lucille","Laudanski"
"CUST00000310","Sandra","Fernandez"
"CUST00000311","Tomasz","Wilson"
"CUST00000312","Johnny","Gildersleeve"
"CUST00000313","Ed","Nadalin"
"CUST00000314","Herbert","Huston"
"CUST00000315","Lincoln","Stannard"
"CUST00000316","Liza","Daughtery"
"CUST00000317","Bess","DeBuck"
"CUST00000318","Ada","Brown"
"CUST00000319","Sherman","Vanderoever"
"CUST00000320","Thomas","Young"
"CUST00000321","Andy","Barbee"
"CUST00000322","Malgorzata","Climent"
"CUST00000323","Vincent","Cappello"
"CUST00000324","Gabbie","Helfrich"
"CUST00000325","Joop","Fox"
"CUST00000326","Ross","Bogdanovich"
"CUST00000327","Jeffery","Antonucci"
"CUST00000328","Isabelle","Lee"
"CUST00000329","Harry","Boyer"
"CUST00000330","Stanislaw","Pierce"
"CUST00000331","Godfrey","Chwatal"
"CUST00000332","Jacob","Kingslan"
"CUST00000333","Mathilde","Frega"
"CUST00000334","Anton","Emerson"
"CUST00000335","Alba","Kingslan"
"CUST00000336","Nerea","Gua Lima"
"CUST00000337","Ross","Haynes"
"CUST00000338","Sue","Gieske"
"CUST00000339","Ciara","Stevenson"
"CUST00000340","Talitha","Mitchell"
"CUST00000341","Leonie","van Dijk"
"CUST00000342","Hugo","Prior"
"CUST00000343","Andy","Freed"
"CUST00000344","Pip","Cramer"
"CUST00000345","Sue","Robinson"
"CUST00000346","Peg","Nithman"
"CUST00000347","Jane","Petterson"
"CUST00000348","Andrzej","Conley"
"CUST00000349","Philippa","van Dijk"
"CUST00000350","Louise","Praeger"
"CUST00000351","Sharon","Marra"
"CUST00000352","Luca","Gua Lima"
"CUST00000353","Cecilie","Stockton"
"CUST00000354","Rogier","Mejia"
"CUST00000355","Jamie","Byrnes"
"CUST00000356","Ron","Nahay"
"CUST00000357","Daniel","Oyler"
"CUST00000358","Rob","Stewart"
"CUST00000359","Duncan","Toreau"
"CUST00000360","Bill","Katsekes"
"CUST00000361","Lauren","Deleo"
"CUST00000362","Henk","Morton"
"CUST00000363","Ted","Ionescu"
"CUST00000364","James","Stockton"
"CUST00000365","Chris","Mejia"
"CUST00000366","Vincent","Walker"
"CUST00000367","Esther","Hedgecock"
"CUST00000368","Lucia","Evans"
"CUST00000369","Mike","Thompson"
"CUST00000370","Fabian","Waldo"
"CUST00000371","Paul","Warner"
"CUST00000372","Margarita","Hulshof"
"CUST00000373","Ton","Whitehurst"
"CUST00000374","Henry","Overton"
"CUST00000375","Martin","Ditmanen"
"CUST00000376","Filip","Voigt"
"CUST00000377","Zoe","Duvall"
"CUST00000378","William","Love"
"CUST00000379","Will","Pickering"
"CUST00000380","Jesse","Warner"
"CUST00000381","Lu","Sterrett"
"CUST00000382","Hiram","Schmidt"
"CUST00000383","Cameron","Moreau"
"CUST00000384","Ivan","Love"
"CUST00000385","Joshua","Dean"
"CUST00000386","Caroline","Symbouras"
"CUST00000387","Nigel","Rivers"
"CUST00000388","Gerrit","Watson"
"CUST00000389","Hugo","Crocetti"
"CUST00000390","Andrew","Spensley"
"CUST00000391","Pete","Igolavski"
"CUST00000392","Godfrey","Wood"
"CUST00000393","Olivia","Herring"
"CUST00000394","Coby","Durso"
"CUST00000395","Elzbieta","Otto"
"CUST00000396","Roger","Wood"
"CUST00000397","Pablo","Overton"
"CUST00000398","Annie","Uitergeest"
"CUST00000399","Ann","Matthew"
"CUST00000400","Manuel","Herrin"
"CUST00000401","Julian","Keller"
"CUST00000402","Sydney","Trainor"
"CUST00000403","Mathilde","Manson"
"CUST00000404","Oscar","Brady"
"CUST00000405","Sean","Helbush"
"CUST00000406","Samuel","Jackson"
"CUST00000407","Betty","Boyer"
"CUST00000408","Gabrielle","Archer"
"CUST00000409","Tobias","Polti"
"CUST00000410","Ben","Little"
"CUST00000411","Rich","Millikin"
"CUST00000412","Mariska","Brendjens"
"CUST00000413","Sylvia","Cross"
"CUST00000414","Siem","Bertelson"
"CUST00000415","John","Jones"
"CUST00000416","Katharina","Moore"
"CUST00000417","Krystyna","Wood"
"CUST00000418","Suzanne","Uprovski"
"CUST00000419","Sem","Goodnight"
"CUST00000420","Ida","Jones"
"CUST00000421","Camille","Hardoon"
"CUST00000422","Edward","Kepler"
"CUST00000423","Ashley","Linhart"
"CUST00000424","Cath","Linhart"
"CUST00000425","Geoff","DeWilde"
"CUST00000426","Ross","Oyler"
"CUST00000427","Stephen","Martin"
"CUST00000428","Jacob","Nahay"
"CUST00000429","Sara","Bogdanovich"
"CUST00000430","Amber","Phillips"
"CUST00000431","Sally","Jones"
"CUST00000432","Isabelle","Sharp"
"CUST00000433","Elena","Stannard"
"CUST00000434","Ainhoa","Moore"
"CUST00000435","Maximilian","Jessen"
"CUST00000436","Alejandro","Robertson"
"CUST00000437","Stephen","McDaniel"
"CUST00000438","Stanislaw","Nadalin"
"CUST00000439","Jim","Lawton"
"CUST00000440","Willy","Perilloux"
"CUST00000441","Klaas","Meterson"
"CUST00000442","Madison","Mairy"
"CUST00000443","Pip","Kepler"
"CUST00000444","Matthew","Anderson"
"CUST00000445","Lena","Rivers"
"CUST00000446","Cloe","Botsik"
"CUST00000447","Tonnie","Helfrich"
"CUST00000448","Lincoln","van het Hof"
"CUST00000449","David","Liddle"
"CUST00000450","Mads","Framus"
"CUST00000451","Daniela","Freed"
"CUST00000452","Dick","Koch"
"CUST00000453","Georgina","Climent"
"CUST00000454","Nienke","Pierce"
"CUST00000455","Tyler","Helfrich"
"CUST00000456","Betty","Anderson"
"CUST00000457","Ted","Nahay"
"CUST00000458","Klaas","Blacher"
"CUST00000459","Drew","Lannigham"
"CUST00000460","Peg","Watson"
"CUST00000461","Michel","Cragin"
"CUST00000462","Ester","Leonarda"
"CUST00000463","Anthony","Gunter"
"CUST00000464","Caroline","Moore"
"CUST00000465","Iris","Lawton"
"CUST00000466","Femke","Mcnally"
"CUST00000467","Oliver","Baltec"
"CUST00000468","Mike","Ahlgren"
"CUST00000469","Benjamin","van Dijk"
"CUST00000470","Conor","Poissant"
"CUST00000471","Mads","Griffith"
"CUST00000472","Albert","Williamson"
"CUST00000473","Julie","Massingill"
"CUST00000474","Samantha","Polti"
"CUST00000475","John","Ward	"
"CUST00000476","Nathan","Stannard"
"CUST00000477","Thelma","Helbush"
"CUST00000478","Tim","Vanderoever"
"CUST00000479","Samantha","Arcadi"
"CUST00000480","Stephanie","Vanderoever"
"CUST00000481","Ulla","Massingill"
"CUST00000482","Jeffery","Hamilton"
"CUST00000483","Patty","Helbush"
"CUST00000484","Laura","Polti"
"CUST00000485","Talitha","Millikin"
"CUST00000486","Bob","Nadalin"
"CUST00000487","Kimberly","Fox"
"CUST00000488","Sam","Press"
"CUST00000489","Bram","Newman"
"CUST00000490","Nick","van Goes"
"CUST00000491","Laura","Wesolowski"
"CUST00000492","Lucille","Depew"
"CUST00000493","Conor","Lawton"
"CUST00000494","Matthijs","Angarano"
"CUST00000495","Nienke","Mitchell"
"CUST00000496","Willy","Daley"
"CUST00000497","Ewa","Royal"
"CUST00000498","Peggy","Nahay"
"CUST00000499","Roger","Griffith"
"CUST00000500","Sammy","Simonent"
"CUST00000501","Lincoln","Mitchell"
"CUST00000502","Dick","Chwatal"
"CUST00000503","Johnny","Young"
"CUST00000504","Godfrey","LeGrand"
"CUST00000505","Oliver","Heyn"
"CUST00000506","Tonnie","Queen"
"CUST00000507","Johnny","Ahlgren"
"CUST00000508","Magnus","Freed"
"CUST00000509","Tim","Goodman"
"CUST00000510","Niklas","Press"
"CUST00000511","Emily","Ionescu"
"CUST00000512","Ashley","Willis"
"CUST00000513","Julie","Barbee"
"CUST00000514","Anne","Mayberry"
"CUST00000515","Hugo","Stannard"
"CUST00000516","Stephanie","McDaniel"
"CUST00000517","Carla","Overton"
"CUST00000518","Steve","Voigt"
"CUST00000519","Lucille","Stevens"
"CUST00000520","Joshua","Gildersleeve"
"CUST00000521","Daan","Waddell"
"CUST00000522","Camille","Lee"
"CUST00000523","Charlie","Franklin"
"CUST00000524","Marco","Mcgrew"
"CUST00000525","Isaac","Simonent"
"CUST00000526","Sjef","Anderson"
"CUST00000527","Marta","Davis"
"CUST00000528","Sanne","Reames"
"CUST00000529","Truus","Robinson"
"CUST00000530","Peggy","Markovi"
"CUST00000531","Matthew","Comeau"
"CUST00000532","Ted","Huffsmitt"
"CUST00000533","Jeanne","Lamere"
"CUST00000534","Katie","Wargula"
"CUST00000535","Lucas","Jessen"
"CUST00000536","Ulla","Pickering"
"CUST00000537","Louise","Poplock"
"CUST00000538","Maximilian","Whitehurst"
"CUST00000539","Alejandro","Ionescu"
"CUST00000540","Elzbieta","Imhoff"
"CUST00000541","Patricia","Glanswol"
"CUST00000542","Zofia","Cain"
"CUST00000543","Piotr","Braconi"
"CUST00000544","Martina","Walker"
"CUST00000545","Lia","Robinson"
"CUST00000546","Luis","Koss"
"CUST00000547","Gerrit","Lee"
"CUST00000548","Paul","Poole"
"CUST00000549","Matthew","Hancock"
"CUST00000550","Kees","Barbee"
"CUST00000551","Ciska","Mejia"
"CUST00000552","JanCees","Zimmerman"
"CUST00000553","Marty","Riegel"
"CUST00000554","Pablo","Matthew"
"CUST00000555","Esther","Bogdanovich"
"CUST00000556","Dorothy","Shapiro"
"CUST00000557","Emil","Hopper"
"CUST00000558","Andy","Tudisco"
"CUST00000559","Alfons","Bernstein"
"CUST00000560","Tom","Ray"
"CUST00000561","Dylan","Chwatal"
"CUST00000562","Lia","Voigt"
"CUST00000563","James","Mairy"
"CUST00000564","Mart","van Doorn"
"CUST00000565","Lauren","White"
"CUST00000566","Esther","Chwatal"
"CUST00000567","Joost","Nahay"
"CUST00000568","Drew","Nelson"
"CUST00000569","Stephanie","Chapman"
"CUST00000570","Bram","DeWald"
"CUST00000571","Rosa","Moore"
"CUST00000572","Toon","Stevenson"
"CUST00000573","Katarzyna","Hoyt"
"CUST00000574","Ross","Blacher"
"CUST00000575","Sjon","Morgan"
"CUST00000576","Jonas","Brendjens"
"CUST00000577","Roger","Kepler"
"CUST00000578","Peg","Lamere"
"CUST00000579","Ulla","Sharp"
"CUST00000580","Julian","Duvall"
"CUST00000581","Kay","White"
"CUST00000582","Edwina","Anderson"
"CUST00000583","Sherman","Nelson"
"CUST00000584","Talita","Schlee"
"CUST00000585","Mathias","Meterson"
"CUST00000586","Michel","Gieske"
"CUST00000587","Hank","Williamson"
"CUST00000588","Herman","Pekagnan"
"CUST00000589","Nienke","Hulshof"
"CUST00000590","Joseph","Bryant"
"CUST00000591","Carlos","Sterrett"
"CUST00000592","Peter","Troher"
"CUST00000593","Samuel","Ahlgren"
"CUST00000594","Jose","Suszantor"
"CUST00000595","Pieter","Katsekes"
"CUST00000596","Jesse","van Dijk"
"CUST00000597","Tomas","Simonent"
"CUST00000598","Harold","Sharp"
"CUST00000599","Maximilian","Little"
"CUST00000600","Jaap","Igolavski"
"CUST00000601","Jeffery","Aldritch"
"CUST00000602","Daniel","Novratni"
"CUST00000603","Katarzyna","Petterson"
"CUST00000604","Daniel","Krutkov"
"CUST00000605","Joanne","White"
"CUST00000606","Juana","Richter"
"CUST00000607","Margarita","Johnson"
"CUST00000608","Lia","Nelson"
"CUST00000609","Johnny","DeWald"
"CUST00000610","Sally","Phelps"
"CUST00000611","Pablo","Morgan"
"CUST00000612","Herbert","Antonucci"
"CUST00000613","Kimberly","Wilson"
"CUST00000614","Mart","Pierce"
"CUST00000615","Lia","Bright"
"CUST00000616","Hank","Pensec"
"CUST00000617","Isaac","Wakefield"
"CUST00000618","Siem","Young"
"CUST00000619","Michael","Bryant"
"CUST00000620","Callum","Willis"
"CUST00000621","Delphine","Warner"
"CUST00000622","Victor","Frega"
"CUST00000623","Cloe","Hendrix"
"CUST00000624","Jeffery","Dittrich"
"CUST00000625","Gerrit","Nelson"
"CUST00000626","Benjamin","Aldritch"
"CUST00000627","Carolina","Paddock"
"CUST00000628","Steven","Bergdahl"
"CUST00000629","Joshua","Clark"
"CUST00000630","Lincoln","Franklin"
"CUST00000631","Sherm","Brumley"
"CUST00000632","Jacob","Donatelli"
"CUST00000633","Ashley","Miller"
"CUST00000634","Esther","Prior"
"CUST00000635","John","Chwatal"
"CUST00000636","Maaike","Moore"
"CUST00000637","Rasmus","Toler"
"CUST00000638","Charlotte","Tudisco"
"CUST00000639","Rich","Robertson"
"CUST00000640","Steven","Freeman"
"CUST00000641","Mary","Williamson"
"CUST00000642","Anton","Reyes"
"CUST00000643","Jeanne","Alspaugh"
"CUST00000644","Ike","Imhoff"
"CUST00000645","Matthijs","Beckbau"
"CUST00000646","Mick","Chapman"
"CUST00000647","Pete","Hummel"
"CUST00000648","Ton","Angarano"
"CUST00000649","Steve","Krutkov"
"CUST00000650","Phil","Herring"
"CUST00000651","Ainhoa","Manson"
"CUST00000652","Luka","van het Hof"
"CUST00000653","Thelma","Zimmerman"
"CUST00000654","Christian","McCormick"
"CUST00000655","Julie","Dean"
"CUST00000656","Sanne","Climent"
"CUST00000657","Tomasz","Williamson"
"CUST00000658","Javier","Forsberg"
"CUST00000659","Jim","Zapetis"
"CUST00000660","Zofia","Fernandez"
"CUST00000661","Sjaak","Sirabella"
"CUST00000662","PieterJan","Lawton"
"CUST00000663","Liam","Nadalin"
"CUST00000664","Jo","Stockton"
"CUST00000665","Liza","Herring"
"CUST00000666","Godfrey","Chwatal"
"CUST00000667","Maggie","Cooper"
"CUST00000668","Ainhoa","Polti"
"CUST00000669","Katie","Laudanski"
"CUST00000670","Ann","Knopp"
"CUST00000671","Pauline","Malone"
"CUST00000672","Pawel","Caffray"
"CUST00000673","Fabian","Polti"
"CUST00000674","Luke","Freed"
"CUST00000675","Ivan","Mulders"
"CUST00000676","Gabrielle","Krutkov"
"CUST00000677","Lincoln","Moore"
"CUST00000678","Megan","Lawton"
"CUST00000679","Lauren","Ostanik"
"CUST00000680","Madison","Allison"
"CUST00000681","Lu","Williams"
"CUST00000682","Helen","Young"
"CUST00000683","Netty","Depew"
"CUST00000684","Cathy","Robertson"
"CUST00000685","Babette","Arden"
"CUST00000686","Jessica","Duvall"
"CUST00000687","Tomas","Antonucci"
"CUST00000688","Sjef","Cross"
"CUST00000689","Lara","Noteboom"
"CUST00000690","Pablo","Davis"
"CUST00000691","George","Geoppo"
"CUST00000692","Ainhoa","Anthony"
"CUST00000693","Gabrielle","Plantz"
"CUST00000694","Marek","Heyn"
"CUST00000695","Manuel","Jackson"
"CUST00000696","Samantha","Huston"
"CUST00000697","Tim","Uitergeest"
"CUST00000698","Will","Archer"
"CUST00000699","Ryan","Dean"
"CUST00000700","Javier","Little"
"CUST00000701","Michel","Anthony"
"CUST00000702","Elizabeth","Ratliff"
"CUST00000703","Helma","Hulshof"
"CUST00000704","Margo","Daughtery"
"CUST00000705","Maximilian","DeBerg"
"CUST00000706","Stephanie","Durso"
"CUST00000707","Daan","Thompson"
"CUST00000708","Nienke","Menovosa"
"CUST00000709","Marcin","Little"
"CUST00000710","Jamie","Wicks"
"CUST00000711","Ricky","Clark"
"CUST00000712","Jesse","Rauch"
"CUST00000713","Ester","Mulders"
"CUST00000714","Diego","Sanders"
"CUST00000715","Bill","Sharp"
"CUST00000716","Matt","Roche"
"CUST00000717","Rosa","Weaver"
"CUST00000718","Cristina","Voigt"
"CUST00000719","Leo","Huffsmitt"
"CUST00000720","Truus","Arcadi"
"CUST00000721","Isaac","Cantere"
"CUST00000722","Max","Schubert"
"CUST00000723","Talitha","Van Toorenbeek"
"CUST00000724","Tobias","Wood"
"CUST00000725","Viktor","Poplock"
"CUST00000726","Rick","Malone"
"CUST00000727","Dylan","Overton"
"CUST00000728","Anne","Hulshof"
"CUST00000729","Al","Wakefield"
"CUST00000730","Trevor","Ratliff"
"CUST00000731","Miriam","Lannigham"
"CUST00000732","Pawel","Kidd"
"CUST00000733","Joey","Brendjens"
"CUST00000734","Philip","Keller"
"CUST00000735","Liza","Lawton"
"CUST00000736","Janet","Comeau"
"CUST00000737","Tim","Glanswol"
"CUST00000738","Jaap","Conley"
"CUST00000739","Pete","Long"
"CUST00000740","Lucy","Byrnes"
"CUST00000741","Kees","Chwatal"
"CUST00000742","Stephen","Ahlgren"
"CUST00000743","Charles","Caouette"
"CUST00000744","Magnus","Trainor"
"CUST00000745","Isabelle","Daley"
"CUST00000746","Ewa","Friedman"
"CUST00000747","Sharon","Roger"
"CUST00000748","Krzysztof","Lee"
"CUST00000749","Victor","Noteboom"
"CUST00000750","Jonas","Bruno"
"CUST00000751","Florian","Mitchell"
"CUST00000752","Babet","Williams"
"CUST00000753","Ben","Harness"
"CUST00000754","Annie","Menovosa"
"CUST00000755","Truus","Voigt"
"CUST00000756","Chloe","Green"
"CUST00000757","George","Frega"
"CUST00000758","Benjy","Sharp"
"CUST00000759","Luke","Sirabella"
"CUST00000760","Lucia","Paddock"
"CUST00000761","Bengie","Cantere"
"CUST00000762","Francisco","Willis"
"CUST00000763","Mariska","Troher"
"CUST00000764","Tomas","Boyer"
"CUST00000765","Roger","Sterrett"
"CUST00000766","Geoffery","Caffray"
"CUST00000767","Oliver","Glanswol"
"CUST00000768","Ollie","Gaskins"
"CUST00000769","Leonie","Brylle"
"CUST00000770","Albert","Jessen"
"CUST00000771","Alexander","Franklin"
"CUST00000772","Nate","Cramer"
"CUST00000773","Richard","Willis"
"CUST00000774","Agnieszka","van Dijk"
"CUST00000775","Lukas","Brown"
"CUST00000776","Camilla","Wood"
"CUST00000777","Michael","Ditmanen"
"CUST00000778","Adrian","Brown"
"CUST00000779","Lizzy","Raines"
"CUST00000780","Kay","Daughtery"
"CUST00000781","Janet","Davis"
"CUST00000782","Ross","van Dijk"
"CUST00000783","Tobias","Slocum"
"CUST00000784","Jace","Conley"
"CUST00000785","Steven","Massingill"
"CUST00000786","Harry","Griffith"
"CUST00000787","Margo","Markovi"
"CUST00000788","Dave","Weinstein"
"CUST00000789","Siska","Langham"
"CUST00000790","Catharine","Huston"
"CUST00000791","Christa","Rauch"
"CUST00000792","Co","Weinstein"
"CUST00000793","Martin","Waddell"
"CUST00000794","PieterJan","Arnold"
"CUST00000795","Cameron","Helfrich"
"CUST00000796","Tonnie","Nithman"
"CUST00000797","Aoife","Freed"
"CUST00000798","Anna","Griffioen"
"CUST00000799","Jacob","Pierce"
"CUST00000800","Robert","Spensley"
"CUST00000801","Leon","Goodman"
"CUST00000802","Willy","Petrzelka"
"CUST00000803","Hannah","Hollman"
"CUST00000804","Elin","Little"
"CUST00000805","Julie","Perilloux"
"CUST00000806","Giel","Poole"
"CUST00000807","Matthijs","Muench"
"CUST00000808","Luke","Mulders"
"CUST00000809","Joe","Brendjens"
"CUST00000810","Netty","White"
"CUST00000811","Carla","Van Toorenbeek"
"CUST00000812","Joey","Barnett"
"CUST00000813","Jesse","Kuehn"
"CUST00000814","Sean","Sirabella"
"CUST00000815","Joseph","Helbush"
"CUST00000816","Lucas","Wicks"
"CUST00000817","Linnea","Van Dinter"
"CUST00000818","Lizzy","Gibson"
"CUST00000819","Drew","Praeger"
"CUST00000820","Sam","Schubert"
"CUST00000821","Petra","Millis"
"CUST00000822","Louise","Buchholz"
"CUST00000823","Ada","Emerson"
"CUST00000824","Gillian","Koch"
"CUST00000825","Scotty","Martin"
"CUST00000826","Cecilie","Griffith"
"CUST00000827","Sherman","Anderson"
"CUST00000828","Liam","Ahlgren"
"CUST00000829","Sandra","Herzog"
"CUST00000830","Camille","Griffioen"
"CUST00000831","Jody","Cramer"
"CUST00000832","Chuck","Baltec"
"CUST00000833","Petra","Archer"
"CUST00000834","Sue","Arnold"
"CUST00000835","Marie","Swaine"
"CUST00000836","Karin","Langham"
"CUST00000837","Tom","Franklin"
"CUST00000838","Sherm","Walker"
"CUST00000839","Ann","Perilloux"
"CUST00000840","Herman","White"
"CUST00000841","Fabian","Watson"
"CUST00000842","Tyler","Davis"
"CUST00000843","Hugo","Cappello"
"CUST00000844","Nigel","Shapiro"
"CUST00000845","Ulla","Mariojnisk"
"CUST00000846","Annie","Freed"
"CUST00000847","Catherine","Warner"
"CUST00000848","Pete","Francis"
"CUST00000849","Taylor","Moon"
"CUST00000850","Bram","Muench"
"CUST00000851","Miriam","Simonent"
"CUST00000852","Femke","Barnett"
"CUST00000853","Charlotte","Cain"
"CUST00000854","Geoff","Keller"
"CUST00000855","Katarzyna","Ratliff"
"CUST00000856","Saskia","Huston"
"CUST00000857","Sarah","Davis"
"CUST00000858","Bengie","Paddock"
"CUST00000859","Talita","Nahay"
"CUST00000860","Martin","Robbins"
"CUST00000861","Sarah","Weaver"
"CUST00000862","Simon","Visentini"
"CUST00000863","Sue","Dulisse"
"CUST00000864","Jan","Pickering"
"CUST00000865","Alva","Polti"
"CUST00000866","Stephen","Schlee"
"CUST00000867","Jim","Zapetis"
"CUST00000868","Herman","Robbins"
"CUST00000869","Francisco","Wilson"
"CUST00000870","Gert","Naff"
"CUST00000871","Peg","Wicks"
"CUST00000872","Marco","Rivers"
"CUST00000873","Kim","Moore"
"CUST00000874","Lars","Williams"
"CUST00000875","Lucas","Arnold"
"CUST00000876","Peggy","Poissant"
"CUST00000877","Edwin","Uprovski"
"CUST00000878","Juana","Bruno"
"CUST00000879","Ewa","Millis"
"CUST00000880","Luke","Haynes"
"CUST00000881","Jean","Pekaban"
"CUST00000882","Talitha","Dittrich"
"CUST00000883","Martina","Stannard"
"CUST00000884","Johnny","Langham"
"CUST00000885","Thelma","Zimmerman"
"CUST00000886","Camilla","Brown"
"CUST00000887","Sophia","Visentini"
"CUST00000888","Zofia","Nadalin"
"CUST00000889","Juana","Nefos"
"CUST00000890","Milan","Wilson"
"CUST00000891","Jeanne","Koss"
"CUST00000892","Syd","Anthony"
"CUST00000893","William","Laudanski"
"CUST00000894","Claudia","Byrnes"
"CUST00000895","Henry","Howe"
"CUST00000896","Martien","Wong"
"CUST00000897","Rolla","Wood"
"CUST00000898","Nienke","Anderson"
"CUST00000899","Trevor","Daley"
"CUST00000900","Lizzy","Nobles"
"CUST00000901","Rosa","Wesolowski"
"CUST00000902","Sam","Cantere"
"CUST00000903","Nigel","Barnett"
"CUST00000904","Jurre","Seibel"
"CUST00000905","Leontien","Mariojnisk"
"CUST00000906","Herbert","Blacher"
"CUST00000907","Amy","Bryant"
"CUST00000908","Jo","Anderson"
"CUST00000909","Lucy","Crocetti"
"CUST00000910","Charles","Glanswol"
"CUST00000911","Niek","Brylle"
"CUST00000912","Lauren","Howe"
"CUST00000913","Hanna","Richter"
"CUST00000914","Vincent","Uitergeest"
"CUST00000915","Truus","Howe"
"CUST00000916","Jim","Comeau"
"CUST00000917","Alejandro","Frega"
"CUST00000918","Caroline","DeWilde"
"CUST00000919","Carolina","Mitchell"
"CUST00000920","Kim","Schlee"
"CUST00000921","Lisa","Wilson"
"CUST00000922","Andy","Plantz"
"CUST00000923","Roger","Massingill"
"CUST00000924","Klaas","Lejarette"
"CUST00000925","Maria","Caffray"
"CUST00000926","Andy","Guethlein"
"CUST00000927","Emily","Watson"
"CUST00000928","Krzysztof","Barnett"
"CUST00000929","Nicky","Braconi"
"CUST00000930","George","van het Hof"
"CUST00000931","Cecilie","Cappello"
"CUST00000932","Kimmy","Cramer"
"CUST00000933","Sjaak","Brown"
"CUST00000934","Marta","Jessen"
"CUST00000935","Stephanie","Linhart"
"CUST00000936","Lizzy","Gibson"
"CUST00000937","Maja","Meterson"
"CUST00000938","Liza","Morton"
"CUST00000939","Jace","Stannard"
"CUST00000940","Ana","Archer"
"CUST00000941","Tobias","King"
"CUST00000942","Bo","Patricelli"
"CUST00000943","GertJan","Pickering"
"CUST00000944","Joey","Visentini"
"CUST00000945","Nienke","King"
"CUST00000946","GertJan","Ray"
"CUST00000947","Fons","Brady"
"CUST00000948","Jaclyn","Byrnes"
"CUST00000949","Gerrit","Koss"
"CUST00000950","Maaike","Brendjens"
"CUST00000951","Liza","Young"
"CUST00000952","Anna","Robertson"
"CUST00000953","Ike","Moore"
"CUST00000954","Nienke","Poplock"
"CUST00000955","Michel","Ionescu"
"CUST00000956","Martien","Olson"
"CUST00000957","Elena","Mitchell"
"CUST00000958","Bengie","Bright"
"CUST00000959","Janet","Anthony"
"CUST00000960","Samantha","Riegel"
"CUST00000961","Sjon","Linhart"
"CUST00000962","Marie","Dittrich"
"CUST00000963","Emma","Vostreys"
"CUST00000964","Betty","Martin"
"CUST00000965","Jamie","Fox"
"CUST00000966","Lukas","Uprovski"
"CUST00000967","Lewis","Harness"
"CUST00000968","Harry","Duvall"
"CUST00000969","Stephen","Pyland"
"CUST00000970","Tyler","Sakurai"
"CUST00000971","Lena","Goodman"
"CUST00000972","Georgina","Gildersleeve"
"CUST00000973","Kees","Daley"
"CUST00000974","Sigrid","Ionescu"
"CUST00000975","Mike","Warner"
"CUST00000976","Tommy","Schlee"
"CUST00000977","Mario","Helbush"
"CUST00000978","Lu","Robbins"
"CUST00000979","Rasmus","Brendjens"
"CUST00000980","Emil","Millis"
"CUST00000981","Thomas","Deans"
"CUST00000982","Catharine","Dean"
"CUST00000983","Cristian","Nithman"
"CUST00000984","Eleanor","Sharp"
"CUST00000985","Barbara","Nithman"
"CUST00000986","Tim","Donatelli"
"CUST00000987","Peg","Young"
"CUST00000988","Rosa","Lannigham"
"CUST00000989","Elizabeth","Fox"
"CUST00000990","Leontien","Franklin"
"CUST00000991","Nathan","Botsik"
"CUST00000992","Ellie","Archer"
"CUST00000993","Hannah","Griffith"
"CUST00000994","Frederik","Foreman"
"CUST00000995","Daniela","Hedgecock"
"CUST00000996","Rachel","Wesolowski"
"CUST00000997","Marco","Wood"
"CUST00000998","Roger","Walker"
"CUST00000999","Tony","Byrnes"
"CUST00001000","Barbara","Wooten"
"CUST00001001","Leo","Vostreys"
"CUST00001002","Sylvia","Lee"
"CUST00001003","Lukas","Green"
"CUST00001004","Netty","Ward"
"CUST00001005","Sid","Symms"
"CUST00001006","Niklas","Korkovski"
"CUST00001007","Sylvia","Mariojnisk"
"CUST00001008","Sydney","Knopp"
"CUST00001009","Drew","Angarano"
"CUST00001010","Alice","Knight"
"CUST00001011","Johnny","Poplock"
"CUST00001012","Nicoline","Franklin"
"CUST00001013","Marie","Davis"
"CUST00001014","Matt","van Dijk"
"CUST00001015","Joey","Zurich"
"CUST00001016","Jessica","van der Laar"
"CUST00001017","Tomasz","Mayberry"
"CUST00001018","Manuel","Clarke"
"CUST00001019","Guus","Phillips"
"CUST00001020","Scott","Symms"
"CUST00001021","JanCees","Wakefield"
"CUST00001022","Carlos","Gildersleeve"
"CUST00001023","Babette","Naff"
"CUST00001024","Dave","Blacher"
"CUST00001025","Dick","Sharp"
"CUST00001026","Izzy","Richter"
"CUST00001027","Megan","Shapiro"
"CUST00001028","Joost","White"
"CUST00001029","Andrea","DeWilde"
"CUST00001030","Babette","Fox"
"CUST00001031","Joey","Love"
"CUST00001032","Sean","Lannigham"
"CUST00001033","Bob","Brown"
"CUST00001034","Mikkel","Ayers"
"CUST00001035","Karin","Pickering"
"CUST00001036","Andrew","Stevens"
"CUST00001037","Paul","Pekaban"
"CUST00001038","Jose","Robertson"
"CUST00001039","Hanna","Gunter"
"CUST00001040","Sigrid","Bright"
"CUST00001041","Theo","Yinger"
"CUST00001042","Jeanette","Pengilly"
"CUST00001043","Dylan","van Dijk"
"CUST00001044","Tyler","Suszantor"
"CUST00001045","Raul","Ostanik"
"CUST00001046","PieterJan","Cohen"
"CUST00001047","Will","Uitergeest"
"CUST00001048","Betty","Harder"
"CUST00001049","Alexis","Bitmacs"
"CUST00001050","Julia","Crocetti"
"CUST00001051","Gabbie","Freed"
"CUST00001052","Conor","Harder"
"CUST00001053","Rasmus","Richter"
"CUST00001054","Hiram","Mitchell"
"CUST00001055","Willy","Muench"
"CUST00001056","Frederik","Nelson"
"CUST00001057","Sam","Frega"
"CUST00001058","Piet","Gonzalez"
"CUST00001059","George","Prior"
"CUST00001060","Nienke","Mitchell"
"CUST00001061","Stephanie","Lee"
"CUST00001062","Tony","Guyer"
"CUST00001063","Maximilian","Barnett"
"CUST00001064","Jules","Huston"
"CUST00001065","Cristian","Vanderoever"
"CUST00001066","Elin","Harder"
"CUST00001067","Alva","McCrary"
"CUST00001068","Kimberly","Freed"
"CUST00001069","Piotr","Nobles"
"CUST00001070","Margarita","Gieske"
"CUST00001071","Godfrey","Scheffold"
"CUST00001072","Jose","Harder"
"CUST00001073","Alvaro","Crocetti"
"CUST00001074","Herb","DelRosso"
"CUST00001075","Lucia","Perilloux"
"CUST00001076","Lewis","Menovosa"
"CUST00001077","Ana","Reames"
"CUST00001078","Michael","Hoogbandt"
"CUST00001079","Koos","Roche"
"CUST00001080","Charles","Simonent"
"CUST00001081","Juana","Slocum"
"CUST00001082","Leonie","Voigt"
"CUST00001083","Kaylee","Royal"
"CUST00001084","Nick","Van Toorenbeek"
"CUST00001085","Vincent","Poissant"
"CUST00001086","Talita","Beckbau"
"CUST00001087","Jim","Otto"
"CUST00001088","Sara","Schmidt"
"CUST00001089","Esther","Wong"
"CUST00001090","Ron","Guyer"
"CUST00001091","Robert","Wicks"
"CUST00001092","Ricardo","Wilson"
"CUST00001093","Johnny","Naley"
"CUST00001094","Ed","Troher"
"CUST00001095","Georgina","Plantz"
"CUST00001096","Esther","Cain"
"CUST00001097","Sid","Durso"
"CUST00001098","Jace","Marra"
"CUST00001099","Charlie","Yinger"
"CUST00001100","Willy","Zia"
"CUST00001101","Esther","Kepler"
"CUST00001102","Erik","Petterson"
"CUST00001103","Mariska","Anderson"
"CUST00001104","Carlos","van Dijk"
"CUST00001105","Daniela","Buchholz"
"CUST00001106","Jeanne","Jessen"
"CUST00001107","Nico","Van Toorenbeek"
"CUST00001108","Christopher","Scheffold"
"CUST00001109","Geoffery","Anderson"
"CUST00001110","Henry","Ray"
"CUST00001111","Liza","Roche"
"CUST00001112","Fabian","Wilson"
"CUST00001113","Alice","Wooten"
"CUST00001114","Katharina","Uitergeest"
"CUST00001115","Shermie","Mulders"
"CUST00001116","Sarah","Gua Lima"
"CUST00001117","Sjanie","Scheffold"
"CUST00001118","Luke","Hummel"
"CUST00001119","Cristina","Daughtery"
"CUST00001120","Isabel","Morgan"
"CUST00001121","Luke","Sakurai"
"CUST00001122","Gillian","Stevens"
"CUST00001123","Laura","Slater"
"CUST00001124","Lucia","Pyland"
"CUST00001125","Sjon","Trainor"
"CUST00001126","Marta","Baltec"
"CUST00001127","Bram","Turk"
"CUST00001128","Oscar","Langham"
"CUST00001129","Anthony","Jiminez"
"CUST00001130","Ellie","Donatelli"
"CUST00001131","Jamie","Glanswol"
"CUST00001132","Jose","Ward	"
"CUST00001133","Sharon","Braconi"
"CUST00001134","Sylvia","Knopp"
"CUST00001135","Katarzyna","Millis"
"CUST00001136","Lotte","King"
"CUST00001137","Dylan","Cain"
"CUST00001138","Cees","Keller"
"CUST00001139","Lia","Lee"
"CUST00001140","Tomas","Chwatal"
"CUST00001141","Emma","Raines"
"CUST00001142","Jesse","Jessen"
"CUST00001143","Karin","Pekagnan"
"CUST00001144","Elin","Thompson"
"CUST00001145","Delphine","Uitergeest"
"CUST00001146","Sophie","Hulshof"
"CUST00001147","Luke","van Dijk"
"CUST00001148","Paula","Francis"
"CUST00001149","Florian","Seibel"
"CUST00001150","Kayleigh","Glanswol"
"CUST00001151","Sandra","Brady"
"CUST00001152","Nate","Goodnight"
"CUST00001153","Barbara","Helfrich"
"CUST00001154","Katie","Williams"
"CUST00001155","Sydney","Langham	"
"CUST00001156","Patty","Bloom"
"CUST00001157","Agnieszka","Love"
"CUST00001158","Lu","Manson"
"CUST00001159","Jaclyn","Moon"
"CUST00001160","Aoife","Gerschkow"
"CUST00001161","Lara","Wilson"
"CUST00001162","Herman","Griffith"
"CUST00001163","Cameron","Schmidt"
"CUST00001164","Syd","Cappello"
"CUST00001165","Bess","Davis"
"CUST00001166","Bram","Cramer"
"CUST00001167","Jaclyn","Cragin"
"CUST00001168","Jill","Tudisco"
"CUST00001169","Emma","Whitehurst"
"CUST00001170","Erik","Stevenson"
"CUST00001171","Tony","Ditmanen"
"CUST00001172","Sigrid","Malone"
"CUST00001173","Lizzy","Crocetti"
"CUST00001174","Lauren","Symbouras"
"CUST00001175","Patty","Deleo"
"CUST00001176","Tonnie","Watson"
"CUST00001177","Ann","Storrs"
"CUST00001178","Mary","Brady"
"CUST00001179","Jolanda","Wesolowski"
"CUST00001180","Trevor","Crocetti"
"CUST00001181","Javier","Beckbau"
"CUST00001182","Al","McCrary"
"CUST00001183","Frederik","Brown"
"CUST00001184","Lea","Poissant"
"CUST00001185","Theodore","Robinson"
"CUST00001186","Hank","Polti"
"CUST00001187","Alfons","Langham"
"CUST00001188","Jill","Poole"
"CUST00001189","Max","Ditmanen"
"CUST00001190","Ed","Griffith"
"CUST00001191","Victor","Julieze"
"CUST00001192","Pete","Visentini"
"CUST00001193","Sally","Koss"
"CUST00001194","Freja","Poole"
"CUST00001195","Leontien","Hoogbandt"
"CUST00001196","Rich","Maribarski"
"CUST00001197","Jesse","Thompson"
"CUST00001198","Mary","Climent"
"CUST00001199","Elzbieta","Schlee"
"CUST00001200","James","Emerson"
"CUST00001201","Sergio","Brennan"
"CUST00001202","Christa","Storrs"
"CUST00001203","Marta","Helfrich"
"CUST00001204","Lukas","Williamson"
"CUST00001205","Fons","Williamson"
"CUST00001206","Sem","Gildersleeve"
"CUST00001207","Albert","Mulders"
"CUST00001208","Nate","Koss"
"CUST00001209","Taylor","Helfrich"
"CUST00001210","Ross","Gieske"
"CUST00001211","Frederik","Paul"
"CUST00001212","Babet","Nefos"
"CUST00001213","Rich","Wood"
"CUST00001214","Sid","Noteboom"
"CUST00001215","Duncan","Overton"
"CUST00001216","Marek","Freeman"
"CUST00001217","Victor","Dulisse"
"CUST00001218","Talitha","Foreman"
"CUST00001219","Charles","Symms"
"CUST00001220","Pawel","Pekagnan"
"CUST00001221","Alva","Riegel"
"CUST00001222","Jesse","Byrnes"
"CUST00001223","Fons","DeWald"
"CUST00001224","Lizzy","Evans"
"CUST00001225","Leonie","Vostreys"
"CUST00001226","Nicky","Maribarski"
"CUST00001227","Delphine","Mulders"
"CUST00001228","Jeffery","Voigt"
"CUST00001229","Ross","Thompson"
"CUST00001230","Niek","Carlos"
"CUST00001231","Guus","Lawton"
"CUST00001232","Malgorzata","Goodman"
"CUST00001233","Geoffery","Bright"
"CUST00001234","Aoife","Mayberry"
"CUST00001235","Malgorzata","Daniel"
"CUST00001236","Mads","Olson"
"CUST00001237","Jacob","Moon"
"CUST00001238","Sofia","Maribarski"
"CUST00001239","Frederik","Lee"
"CUST00001240","Jeanne","Climent"
"CUST00001241","Janet","Emerson"
"CUST00001242","Scott","Browne"
"CUST00001243","Ivan","Wong"
"CUST00001244","Herbert","Dulisse"
"CUST00001245","Peggy","Lannigham"
"CUST00001246","Sherm","Howe"
"CUST00001247","Willy","Cantere"
"CUST00001248","Talitha","van Dijk"
"CUST00001249","Sofia","Daley"
"CUST00001250","Sammy","Arcadi"
"CUST00001251","Louise","Warner"
"CUST00001252","Lea","Dean"
"CUST00001253","Oliver","Pickering"
"CUST00001254","Alfons","Queen"
"CUST00001255","Bill","Van Toorenbeek"
"CUST00001256","Siem","Gua Lima"
"CUST00001257","Elizabeth","Wargula"
"CUST00001258","Anne","Cragin"
"CUST00001259","Peter","Keller"
"CUST00001260","Jesse","Riegel"
"CUST00001261","Geoffery","Miller"
"CUST00001262","Matt","Nithman"
"CUST00001263","Alice","Cantere"
"CUST00001264","Nerea","Bertelson"
"CUST00001265","Pauline","Pickering"
"CUST00001266","Olivia","Tudisco"
"CUST00001267","Lars","Stannard"
"CUST00001268","Gillian","Stannard"
"CUST00001269","Matthew","Poplock"
"CUST00001270","Nicholas","Brumley"
"CUST00001271","Dirk","Aldritch"
"CUST00001272","Liam","Aldritch"
"CUST00001273","Jody","King"
"CUST00001274","Henk","Matthew"
"CUST00001275","Andy","Crocetti"
"CUST00001276","Christopher","Brennan"
"CUST00001277","Ted","Slocum"
"CUST00001278","Francisco","Wood"
"CUST00001279","Ellie","Brendjens"
"CUST00001280","Lara","Dean"
"CUST00001281","Juana","Williamson"
"CUST00001282","Alfons","Deans"
"CUST00001283","Philippa","Barnett"
"CUST00001284","Lara","Imhoff"
"CUST00001285","Simon","Forsberg"
"CUST00001286","Robert","Friedman"
"CUST00001287","Esther","Arcadi"
"CUST00001288","Ricky","Daughtery"
"CUST00001289","Claudia","Morton"
"CUST00001290","Paul","Botsik"
"CUST00001291","Wilma","van Goes"
"CUST00001292","Luis","Markovi"
"CUST00001293","Karen","Wooten"
"CUST00001294","Betty","Blount"
"CUST00001295","Edwina","Mitchell"
"CUST00001296","Piet","Orcutt"
"CUST00001297","Sophia","Arden"
"CUST00001298","Coby","Hoogbandt"
"CUST00001299","Klara","Buchholz"
"CUST00001300","Alexis","Guethlein"
"CUST00001301","Dick","Freed"
"CUST00001302","Tim","Ijukop"
"CUST00001303","Pedro","Kuehn"
"CUST00001304","Charlie","Nahay"
"CUST00001305","Jacob","Roche"
"CUST00001306","Barbara","Marra"
"CUST00001307","Gabrielle","Krutkov"
"CUST00001308","Jace","DelRosso"
"CUST00001309","Mikkel","Ionescu"
"CUST00001310","Marta","Menovosa"
"CUST00001311","Vincent","Van Toorenbeek"
"CUST00001312","Izzy","Matthew"
"CUST00001313","Sjef","Hedgecock"
"CUST00001314","Nick","Spensley"
"CUST00001315","Sammy","Rivers"
"CUST00001316","Babet","Pierce"
"CUST00001317","Madison","Nelson"
"CUST00001318","Jack","Grote"
"CUST00001319","Gerrit","Ladaille"
"CUST00001320","Talitha","Mulders"
"CUST00001321","Gill","Vanderoever"
"CUST00001322","Simon","Jones"
"CUST00001323","Margaret","Herzog"
"CUST00001324","Marco","Carlos"
"CUST00001325","Jessica","van het Hof"
"CUST00001326","Pedro","Emerson"
"CUST00001327","Lucas","Petterson"
"CUST00001328","Alex","Markovi"
"CUST00001329","Helen","Gaskins"
"CUST00001330","Lewis","Beckbau"
"CUST00001331","Jules","Nefos"
"CUST00001332","Sjef","Archer"
"CUST00001333","Jesse","Krutkov"
"CUST00001334","Filip","Uprovski"
"CUST00001335","Camilla","Slocum"
"CUST00001336","Julia","McDaniel"
"CUST00001337","Charlotte","Richter"
"CUST00001338","Barbara","Brendjens"
"CUST00001339","Nate","Knight"
"CUST00001340","Coby","Brendjens"
"CUST00001341","Miriam","Thaler"
"CUST00001342","Sarah","Moreau"
"CUST00001343","Bengie","Davis"
"CUST00001344","Lukas","Watson"
"CUST00001345","Megan","Barbee"
"CUST00001346","Jaclyn","Naley"
"CUST00001347","Andy","Lamere"
"CUST00001348","Hugo","Pekagnan"
"CUST00001349","Mary","Phillips"
"CUST00001350","Leah","Langham"
"CUST00001351","Benjy","Thompson"
"CUST00001352","Leonie","Howe"
"CUST00001353","Frederik","Gieske"
"CUST00001354","Ross","Perilloux"
"CUST00001355","Ricky","Wood"
"CUST00001356","Catherine","Willis"
"CUST00001357","Juana","Raines"
"CUST00001358","Gert","Johnson"
"CUST00001359","Chloe","Miller"
"CUST00001360","Sophia","Gieske"
"CUST00001361","Ida","Manson"
"CUST00001362","Betty","Nadalin"
"CUST00001363","Ciska","Griffioen"
"CUST00001364","Samuel","Storrs"
"CUST00001365","Piotr","Storrs"
"CUST00001366","Laura","Brumley"
"CUST00001367","Margarita","van der Laar"
"CUST00001368","Nerea","Ecchevarri"
"CUST00001369","Thomas","Lannigham"
"CUST00001370","Ed","Wood"
"CUST00001371","Megan","Donatelli"
"CUST00001372","Diego","Shapiro"
"CUST00001373","Hugo","Reyes"
"CUST00001374","Zofia","Goodnight"
"CUST00001375","Rich","Voigt"
"CUST00001376","Kay","Huffsmitt"
"CUST00001377","Roger","Pierce"
"CUST00001378","Javier","Anderson"
"CUST00001379","Raul","Van Toorenbeek"
"CUST00001380","Lincoln","Noteboom"
"CUST00001381","Leontien","Chwatal"
"CUST00001382","Jurre","Freed"
"CUST00001383","Erik","Maribarski"
"CUST00001384","Pauline","Whitehurst"
"CUST00001385","Peg","Bergdahl"
"CUST00001386","Kim","Ratliff"
"CUST00001387","Ester","Pekagnan"
"CUST00001388","Luka","Brumley"
"CUST00001389","Koos","Mitchell"
"CUST00001390","Dirk","Williamson"
"CUST00001391","Jesse","Schmidt"
"CUST00001392","Sigrid","Archer"
"CUST00001393","Tyler","Guyer"
"CUST00001394","Vanessa","Wong"
"CUST00001395","Will","Wilson"
"CUST00001396","Cath","Foreman"
"CUST00001397","Camilla","McDaniel"
"CUST00001398","Edward","Olson"
"CUST00001399","Nick","Zurich"
"CUST00001400","Cathy","Sterrett"
"CUST00001401","Hanna","Knopp"
"CUST00001402","Luke","Mulders"
"CUST00001403","Rob","McDaniel"
"CUST00001404","Alva","Zapetis"
"CUST00001405","Izzy","Reames"
"CUST00001406","Jordy","Naff"
"CUST00001407","Emily","Frega"
"CUST00001408","Benjy","Howe"
"CUST00001409","Caroline","Moon"
"CUST00001410","Rik","Markovi"
"CUST00001411","Rachael","Stannard"
"CUST00001412","Jaclyn","Baltec"
"CUST00001413","Godfrey","Brendjens"
"CUST00001414","Ainhoa","Kingslan"
"CUST00001415","Sally","Gua Lima"
"CUST00001416","Camille","Haynes"
"CUST00001417","Pedro","Scheffold"
"CUST00001418","Ricky","Anderson"
"CUST00001419","Ainhoa","Gibson"
"CUST00001420","Olivia","Herring"
"CUST00001421","Jordy","McDaniel"
"CUST00001422","Caitlin","Rauch"
"CUST00001423","Ricky","Manson"
"CUST00001424","Siem","McDaniel"
"CUST00001425","Teun","Helbush"
"CUST00001426","Phil","Willis"
"CUST00001427","Tonnie","Pengilly"
"CUST00001428","Maaike","Frega"
"CUST00001429","Lu","Bernstein"
"CUST00001430","Edwina","Wakefield"
"CUST00001431","Steph","Arnold"
"CUST00001432","Ryan","Phelps"
"CUST00001433","Pawel","Huston"
"CUST00001434","Sophie","Hopper"
"CUST00001435","Eleanor","Shapiro"
"CUST00001436","Maggie","Uitergeest"
"CUST00001437","Dorothy","Chwatal"
"CUST00001438","Alexander","Love"
"CUST00001439","Thelma","Cragin"
"CUST00001440","Edwyn","Climent"
"CUST00001441","Ashley","Clarke"
"CUST00001442","Niklas","Kepler"
"CUST00001443","Ruth","Yinger"
"CUST00001444","Philippa","Anthony"
"CUST00001445","Susan","Spensley"
"CUST00001446","Richard","Robinson"
"CUST00001447","Kay","Richter"
"CUST00001448","Malgorzata","Evans"
"CUST00001449","Gillian","Hoogbandt"
"CUST00001450","Sofia","Makelaar"
"CUST00001451","Liam","Byrnes"
"CUST00001452","Lena","Schmidt"
"CUST00001453","Alva","Huston"
"CUST00001454","Marie","Frega"
"CUST00001455","Tyler","Van Toorenbeek"
"CUST00001456","James","Uprovski"
"CUST00001457","Joe","Mulders"
"CUST00001458","Alfons","van Dijk"
"CUST00001459","Sharon","Frega"
"CUST00001460","Anton","DeBerg"
"CUST00001461","Dirk","Bitmacs"
"CUST00001462","Elena","Dittrich"
"CUST00001463","Alexander","Friedman"
"CUST00001464","Sid","Olson"
"CUST00001465","Kaylee","Mcnally"
"CUST00001466","Joey","Zia"
"CUST00001467","Liam","Lee"
"CUST00001468","Talitha","Little"
"CUST00001469","Marek","Orcutt"
"CUST00001470","Caitlin","Duvall"
"CUST00001471","Georgina","Uitergeest"
"CUST00001472","Theo","Yinger"
"CUST00001473","Hanna","King"
"CUST00001474","Adrian","Huffsmitt"
"CUST00001475","Ted","Wood"
"CUST00001476","Sjef","Deans"
"CUST00001477","Mart","Menovosa"
"CUST00001478","Jules","Botsik"
"CUST00001479","Ann","Grote"
"CUST00001480","Liam","Wong"
"CUST00001481","Kay","Daniel"
"CUST00001482","Sherman","Moore"
"CUST00001483","Rich","Lee"
"CUST00001484","Jill","Stockton"
"CUST00001485","Max","Kingslan"
"CUST00001486","Sid","Zurich"
"CUST00001487","Miriam","Mcnally"
"CUST00001488","Patricia","Hoyt"
"CUST00001489","Guus","Cramer"
"CUST00001490","Leon","Phelps"
"CUST00001491","Jim","Herzog"
"CUST00001492","Cathy","Pyland"
"CUST00001493","Maaike","Friedman"
"CUST00001494","Leon","Kingslan"
"CUST00001495","Ewa","Mitchell"
"CUST00001496","Cloe","Warner"
"CUST00001497","Ben","Symms"
"CUST00001498","Pawel","Jenssen"
"CUST00001499","Magnus","Sirabella"
"CUST00001500","Anna","Mayberry"
"CUST00001501","Netty","Toler"
"CUST00001502","Alexander","McCrary"
"CUST00001503","Herman","Massingill"
"CUST00001504","Albert","Shapiro"
"CUST00001505","Jozef","Mulders"
"CUST00001506","Christopher","Chwatal"
"CUST00001507","Henry","Crocetti"
"CUST00001508","Lu","Stannard"
"CUST00001509","Camila","Beckbau"
"CUST00001510","Thelma","Moon"
"CUST00001511","Tinus","van het Hof"
"CUST00001512","Viktor","Nefos"
"CUST00001513","Max","Gua Lima"
"CUST00001514","Jorge","Allison"
"CUST00001515","JanCees","Brown"
"CUST00001516","Linnea","Guyer"
"CUST00001517","Theodore","Geoppo"
"CUST00001518","Isaac","Waldo"
"CUST00001519","Alva","Lannigham"
"CUST00001520","Betty","Chwatal"
"CUST00001521","Katie","Royal"
"CUST00001522","Thomas","Laudanski"
"CUST00001523","Bo","Nobles"
"CUST00001524","Ainhoa","Hendrix"
"CUST00001525","Rich","Mitchell"
"CUST00001526","Geoffery","Freed"
"CUST00001527","Robert","Gildersleeve"
"CUST00001528","Jeanette","Moore"
"CUST00001529","Pauline","Thompson"
"CUST00001530","Iris","Harness"
"CUST00001531","Jo","Linton"
"CUST00001532","Jolanda","Bright"
"CUST00001533","Edwina","Cohen"
"CUST00001534","Sara","Lee"
"CUST00001535","Camila","Ionescu"
"CUST00001536","Pieter","Uprovski"
"CUST00001537","Jo","Laudanski"
"CUST00001538","Betty","Imhoff"
"CUST00001539","Anton","Wicks"
"CUST00001540","Oliver","Ostanik"
"CUST00001541","Sjaak","Poissant"
"CUST00001542","Bob","Brown"
"CUST00001543","Nico","Weinstein"
"CUST00001544","Michael","Langham	"
"CUST00001545","Albert","Fox"
"CUST00001546","Ellie","Phelps"
"CUST00001547","Krzysztof","Whitehurst"
"CUST00001548","Elin","Evans"
"CUST00001549","Andrea","Pyland"
"CUST00001550","PieterJan","Brumley"
"CUST00001551","John","Maribarski"
"CUST00001552","Thomas","Gonzalez"
"CUST00001553","Krzysztof","Stannard"
"CUST00001554","Sjanie","Byrnes"
"CUST00001555","Jan","Marra"
"CUST00001556","Pablo","Hankins"
"CUST00001557","Luka","Hardoon"
"CUST00001558","Will","Laudanski"
"CUST00001559","Henry","Hulshof"
"CUST00001560","Mike","Mejia"
"CUST00001561","Sean","Donatelli"
"CUST00001562","Alvaro","Roche"
"CUST00001563","Ester","Lejarette"
"CUST00001564","Roger","Cantere"
"CUST00001565","Conor","Mayberry"
"CUST00001566","Nicoline","Fox"
"CUST00001567","Freja","Queen"
"CUST00001568","Krystyna","Lee"
"CUST00001569","Karin","Wong"
"CUST00001570","Daniela","Grote"
"CUST00001571","Isak","Freed"
"CUST00001572","Florian","Morton"
"CUST00001573","Liam","Plantz"
"CUST00001574","Sam","DeBuck"
"CUST00001575","Steven","Howe"
"CUST00001576","GertJan","Wood"
"CUST00001577","Martina","Comeau"
"CUST00001578","Katharina","Grote"
"CUST00001579","Jan","Brumley"
"CUST00001580","Kimberly","Caffray"
"CUST00001581","Matthijs","Cooper"
"CUST00001582","Adam","Herring"
"CUST00001583","Cees","Ionescu"
"CUST00001584","Adam","Brumley"
"CUST00001585","Luca","Conley"
"CUST00001586","Ciska","Gildersleeve"
"CUST00001587","Mario","Menovosa"
"CUST00001588","Martin","Depew"
"CUST00001589","Alice","Wood"
"CUST00001590","Pawel","Langham"
"CUST00001591","Trevor","McDaniel"
"CUST00001592","Nicholas","Zimmerman"
"CUST00001593","Harold","Anthony"
"CUST00001594","Carolina","Novratni"
"CUST00001595","Christa","Pekagnan"
"CUST00001596","Mariska","Moreau"
"CUST00001597","Kay","Shapiro"
"CUST00001598","Georgina","Reyes"
"CUST00001599","Camille","Maribarski"
"CUST00001600","Charlotte","Miller"
"CUST00001601","Ciska","Guethlein"
"CUST00001602","Leo","Helfrich"
"CUST00001603","Mike","Guethlein"
"CUST00001604","Ike","Haynes"
"CUST00001605","Matthew","Muench"
"CUST00001606","Lucille","Morton"
"CUST00001607","Joseph","Wilson"
"CUST00001608","Amber","Naley"
"CUST00001609","Daniela","Royal"
"CUST00001610","Margo","Cross"
"CUST00001611","Patricia","Ray"
"CUST00001612","Diego","Simonent"
"CUST00001613","Martin","Herzog"
"CUST00001614","Cian","Stevenson"
"CUST00001615","Viktor","Spensley"
"CUST00001616","Patty","Hopper"
"CUST00001617","Katarzyna","Harness"
"CUST00001618","Luke","White"
"CUST00001619","Karin","Toreau"
"CUST00001620","Jeanette","Anderson"
"CUST00001621","Mikkel","Harder"
"CUST00001622","Tyler","Koch"
"CUST00001623","Joshua","Maribarski"
"CUST00001624","Karen","Waldo"
"CUST00001625","Carlos","Pyland"
"CUST00001626","Mario","Thompson"
"CUST00001627","Hank","Freeman"
"CUST00001628","Rachael","Guethlein"
"CUST00001629","Emil","Martin"
"CUST00001630","Sem","Schubert"
"CUST00001631","Camille","Aldritch"
"CUST00001632","Cian","Walker"
"CUST00001633","Gert","van Dijk"
"CUST00001634","Ciska","Naley"
"CUST00001635","Vanessa","Linton"
"CUST00001636","Laura","Troher"
"CUST00001637","Jorge","Cross"
"CUST00001638","Ann","Visentini"
"CUST00001639","Vanessa","Seibel"
"CUST00001640","Isaac","Cramer"
"CUST00001641","Isak","Otto"
"CUST00001642","Ashley","Maribarski"
"CUST00001643","Benjamin","Van Dinter"
"CUST00001644","Luka","Warner"
"CUST00001645","Margarita","Phillips"
"CUST00001646","Tyler","Novratni"
"CUST00001647","Pauline","Wargula"
"CUST00001648","Daniel","Noteboom"
"CUST00001649","Joanne","Shapiro"
"CUST00001650","Leontien","Wood"
"CUST00001651","Kaylee","Hummel"
"CUST00001652","Juana","Brylle"
"CUST00001653","Teddy","Ionescu"
"CUST00001654","Tara","Plantz"
"CUST00001655","Al","Watson"
"CUST00001656","Catherine","Makelaar"
"CUST00001657","Luis","Rauch"
"CUST00001658","Jordy","Warner"
"CUST00001659","Herbert","Byrnes"
"CUST00001660","Phil","LeGrand"
"CUST00001661","Jack","Bertelson"
"CUST00001662","Victor","Gerschkow"
"CUST00001663","Catharine","Lee"
"CUST00001664","Carla","van der Laar"
"CUST00001665","Betty","Schmidt"
"CUST00001666","Katie","Gua Lima"
"CUST00001667","Jan","Goodman"
"CUST00001668","Charlotte","Julieze"
"CUST00001669","Simon","Naff"
"CUST00001670","Karen","Dulisse"
"CUST00001671","Karin","Hummel"
"CUST00001672","Albert","Praeger"
"CUST00001673","Ted","Kepler"
"CUST00001674","Lewis","Brylle"
"CUST00001675","Patricia","Laudanski"
"CUST00001676","Milan","Stockton"
"CUST00001677","Francisco","Langham	"
"CUST00001678","Elizabeth","Royal"
"CUST00001679","Tomasz","Climent"
"CUST00001680","Lia","Brumley"
"CUST00001681","Sophie","Wood"
"CUST00001682","Alvaro","Bryant"
"CUST00001683","Ike","Jones"
"CUST00001684","Nicoline","Walker"
"CUST00001685","Jorge","Poole"
"CUST00001686","Maja","Wolpert"
"CUST00001687","Gillian","Knopp"
"CUST00001688","Joost","Brennan"
"CUST00001689","Jorge","Brown"
"CUST00001690","Sylvia","Crocetti"
"CUST00001691","Marty","McDaniel"
"CUST00001692","Mathias","Cohen"
"CUST00001693","Julia","Schlee"
"CUST00001694","Chloe","Nadalin"
"CUST00001695","Michael","Naley"
"CUST00001696","Herb","Lee"
"CUST00001697","Sjaak","Duvall"
"CUST00001698","Gabbie","Poole"
"CUST00001699","Babette","Chapman"
"CUST00001700","Will","Moore"
"CUST00001701","Wilma","Lannigham"
"CUST00001702","Gerrit","Chwatal"
"CUST00001703","Julian","Pierce"
"CUST00001704","Sergio","Moore"
"CUST00001705","Rasmus","Moore"
"CUST00001706","Jody","Jenssen"
"CUST00001707","Theodore","Nithman"
"CUST00001708","Alejandro","Gua Lima"
"CUST00001709","Cristina","Frega"
"CUST00001710","Edwin","Climent"
"CUST00001711","Jamie","Wooten"
"CUST00001712","Esther","Pearlman"
"CUST00001713","Charlie","Harder"
"CUST00001714","Suzanne","Donatelli"
"CUST00001715","Isabel","Lawton"
"CUST00001716","Samantha","LeGrand"
"CUST00001717","Sid","Stockton"
"CUST00001718","Lars","Crocetti"
"CUST00001719","Herbert","Barnett"
"CUST00001720","Andy","Markovi"
"CUST00001721","Niklas","Brendjens"
"CUST00001722","Rogier","Arnold"
"CUST00001723","Jean","Daniel"
"CUST00001724","Kay","Massingill"
"CUST00001725","Catherine","Blacher"
"CUST00001726","Jozef","Forsberg"
"CUST00001727","Jessica","Meterson"
"CUST00001728","Lucille","Perilloux"
"CUST00001729","Victor","Byrnes"
"CUST00001730","Co","Lezniak"
"CUST00001731","Henk","Mejia"
"CUST00001732","Maja","Katsekes"
"CUST00001733","Karin","Weinstein"
"CUST00001734","Lena","Cramer"
"CUST00001735","Marcin","Geoppo"
"CUST00001736","Dirk","Manson"
"CUST00001737","Suzanne","Daughtery"
"CUST00001738","Drew","Young"
"CUST00001739","Camilla","Gaskins"
"CUST00001740","Sigrid","Makelaar"
"CUST00001741","Tom","Pensec"
"CUST00001742","Ainhoa","Fox"
"CUST00001743","Maximilian","Vanderoever"
"CUST00001744","Peggy","Zurich"
"CUST00001745","Milan","Daughtery"
"CUST00001746","Philip","Barnett"
"CUST00001747","Rogier","Slocum"
"CUST00001748","Stephanie","Wilson"
"CUST00001749","Mario","Johnson"
"CUST00001750","Jozef","Ionescu"
"CUST00001751","Teun","Stannard"
"CUST00001752","Ton","Williams"
"CUST00001753","Rosa","Wooten"
"CUST00001754","Olivia","Weinstein"
"CUST00001755","Sjon","Fox"
"CUST00001756","Mikkel","Griffith"
"CUST00001757","Herb","Kingslan"
"CUST00001758","Roger","Morton"
"CUST00001759","Matthijs","Watson"
"CUST00001760","Benjy","Wargula"
"CUST00001761","Paul","Freed"
"CUST00001762","Tony","Meterson"
"CUST00001763","Liam","Langham"
"CUST00001764","Herb","DeBuck"
"CUST00001765","Sigrid","Davis"
"CUST00001766","Jill","Sharp"
"CUST00001767","Charlotte","Bogdanovich"
"CUST00001768","Christa","Press"
"CUST00001769","Edwyn","Anderson"
"CUST00001770","Scott","Toler"
"CUST00001771","Catherine","Brylle"
"CUST00001772","Susan","Turk"
"CUST00001773","Malgorzata","Helfrich"
"CUST00001774","Joost","Guethlein"
"CUST00001775","Mathilde","Zapetis"
"CUST00001776","Sjaak","Reyes"
"CUST00001777","Charles","White"
"CUST00001778","Philippa","Nahay"
"CUST00001779","Joanne","Gonzalez"
"CUST00001780","Samantha","Wood"
"CUST00001781","Camilla","Schlee"
"CUST00001782","Sam","Moreau"
"CUST00001783","Scottie","Deans"
"CUST00001784","Oscar","Jessen"
"CUST00001785","Jordy","Knopp"
"CUST00001786","Martien","Nobles"
"CUST00001787","Michael","Scheffold"
"CUST00001788","Scottie","Williamson"
"CUST00001789","Oliver","Reyes"
"CUST00001790","Luis","Fernandez"
"CUST00001791","Maggie","Fox"
"CUST00001792","Carlos","Hardoon"
"CUST00001793","Katharina","Mitchell"
"CUST00001794","Stephen","Franklin"
"CUST00001795","Sue","Bloom"
"CUST00001796","Jolanda","Barnett"
"CUST00001797","Gert","Pensec"
"CUST00001798","Kim","Linhart"
"CUST00001799","Johnny","Cooper"
"CUST00001800","Jolanda","Katsekes"
"CUST00001801","Ainhoa","McCrary"
"CUST00001802","Luca","Sanders"
"CUST00001803","Carolina","Novratni"
"CUST00001804","Dirk","Herzog"
"CUST00001805","Pieter","Toreau"
"CUST00001806","Chris","Donatelli"
"CUST00001807","Nicky","Brylle"
"CUST00001808","Hanna","Jackson"
"CUST00001809","Joanne","Baltec"
"CUST00001810","Madison","Uitergeest"
"CUST00001811","Tara","Huston"
"CUST00001812","Jolanda","Sakurai"
"CUST00001813","Jaclyn","Gieske"
"CUST00001814","Albert","McDaniel"
"CUST00001815","Ricky","Stevenson"
"CUST00001816","Sjaak","Press"
"CUST00001817","Leonie","Kingslan"
"CUST00001818","Jean","Hancock"
"CUST00001819","Betty","Kingslan"
"CUST00001820","Will","Moore"
"CUST00001821","Victor","Hoyt"
"CUST00001822","Gillian","Grote"
"CUST00001823","Helma","Katsekes"
"CUST00001824","Carla","Hopper"
"CUST00001825","Mike","Toreau"
"CUST00001826","Sarah","van Dijk"
"CUST00001827","Roger","Gerschkow"
"CUST00001828","Diego","Cain"
"CUST00001829","Jody","Fox"
"CUST00001830","Coby","Newman"
"CUST00001831","Ricardo","Makelaar"
"CUST00001832","Lincoln","Olson"
"CUST00001833","Nicholas","Foreman"
"CUST00001834","Joshua","Walker"
"CUST00001835","Jace","Ratliff"
"CUST00001836","Madison","Hummel"
"CUST00001837","Lars","Rauch"
"CUST00001838","Bo","Hardoon"
"CUST00001839","Ann","Poplock"
"CUST00001840","Sjaak","Wicks"
"CUST00001841","Talita","Stockton"
"CUST00001842","Adrian","Ditmanen"
"CUST00001843","Lia","Stannard"
"CUST00001844","Herman","Mejia"
"CUST00001845","Lisa","Comeau"
"CUST00001846","Sherman","Linton"
"CUST00001847","Nicolas","Bright"
"CUST00001848","Florian","Walker"
"CUST00001849","Bengie","Morton"
"CUST00001850","Rachael","Cooper"
"CUST00001851","Mick","Huffsmitt"
"CUST00001852","David","Kepler"
"CUST00001853","Ryan","Watson"
"CUST00001854","Sue","Overton"
"CUST00001855","Sophia","Poissant"
"CUST00001856","Erin","Linhart"
"CUST00001857","Rachael","Stockton"
"CUST00001858","Tobias","Riegel"
"CUST00001859","Joop","Shapiro"
"CUST00001860","Krzysztof","Naley"
"CUST00001861","Stephanie","Petterson"
"CUST00001862","Joseph","Blacher"
"CUST00001863","Talita","Clarke"
"CUST00001864","Isak","Huffsmitt"
"CUST00001865","Dirk","Makelaar"
"CUST00001866","Jordy","Orcutt"
"CUST00001867","Dirk","Emerson"
"CUST00001868","Marcin","Uitergeest"
"CUST00001869","Sam","Moreau"
"CUST00001870","Andrew","Kepler"
"CUST00001871","Nicky","Olson"
"CUST00001872","Juan","Forsberg"
"CUST00001873","Vincent","Uprovski"
"CUST00001874","Elizabeth","Thompson"
"CUST00001875","Rogier","White"
"CUST00001876","Sue","Arcadi"
"CUST00001877","John","Ostanik"
"CUST00001878","Jacob","Archer"
"CUST00001879","Sandra","Tudisco"
"CUST00001880","Ike","Hancock"
"CUST00001881","Louise","Daley"
"CUST00001882","Lauren","Linhart"
"CUST00001883","Sergio","Plantz"
"CUST00001884","Mick","Young"
"CUST00001885","Babette","van Goes"
"CUST00001886","Ewa","Comeau"
"CUST00001887","GertJan","Visentini"
"CUST00001888","Ciara","Durso"
"CUST00001889","Manuel","Chwatal"
"CUST00001890","Jan","Nahay"
"CUST00001891","Samantha","Hamilton"
"CUST00001892","Jules","Anderson"
"CUST00001893","Sarah","Koch"
"CUST00001894","Caitlin","Overton"
"CUST00001895","Nate","Waldo"
"CUST00001896","Louise","Wood"
"CUST00001897","Marek","Hummel"
"CUST00001898","Herbert","Weinstein"
"CUST00001899","Pip","Chwatal"
"CUST00001900","Toon","Kellock"
"CUST00001901","Cath","Bryant"
"CUST00001902","Peggy","Nahay"
"CUST00001903","Vanessa","Moon"
"CUST00001904","Alex","Ionescu"
"CUST00001905","Isaac","Freed"
"CUST00001906","Godfrey","Bugno"
"CUST00001907","Nate","Deans"
"CUST00001908","Isabel","Simonent"
"CUST00001909","Kimmy","Wilson"
"CUST00001910","Albert","Koch"
"CUST00001911","Oscar","Manson"
"CUST00001912","Tony","Nadalin"
"CUST00001913","Giel","Mairy"
"CUST00001914","Annie","Williams"
"CUST00001915","Ewa","Liddle"
"CUST00001916","Pauline","Brady"
"CUST00001917","Nerea","DeWald"
"CUST00001918","Alvaro","Duvall"
"CUST00001919","Krzysztof","Robinson"
"CUST00001920","Elin","Helfrich"
"CUST00001921","Ivan","Walker"
"CUST00001922","Camille","Schmidt"
"CUST00001923","Rick","Cooper"
"CUST00001924","Alfons","van Dijk"
"CUST00001925","Rick","Noteboom"
"CUST00001926","Rolla","Naley"
"CUST00001927","Joey","Ahlgren"
"CUST00001928","Jody","LeGrand"
"CUST00001929","Claudia","Press"
"CUST00001930","Klara","Visentini"
"CUST00001931","Raul","Poole"
"CUST00001932","David","Brown"
"CUST00001933","Kaylee","Gua Lima"
"CUST00001934","Lucia","Brady"
"CUST00001935","Marek","Watson"
"CUST00001936","Samuel","Clark"
"CUST00001937","Pieter","Koch"
"CUST00001938","Oscar","Robinson"
"CUST00001939","Margarita","Marra"
"CUST00001940","Lisa","Uitergeest"
"CUST00001941","Luke","Koch"
"CUST00001942","Juana","Jones"
"CUST00001943","Julia","Robertson"
"CUST00001944","Leon","Schubert"
"CUST00001945","Sharon","Waddell"
"CUST00001946","Nerea","Gunter"
"CUST00001947","Theodore","Bogdanovich"
"CUST00001948","Leonie","Zapetis"
"CUST00001949","Florian","Mairy"
"CUST00001950","Lars","Goodnight"
"CUST00001951","Liam","Blount"
"CUST00001952","Gabbie","Poissant"
"CUST00001953","Lisa","Patricelli"
"CUST00001954","Jeanette","Robinson"
"CUST00001955","Tara","Young"
"CUST00001956","Karin","Bernstein"
"CUST00001957","Ciska","Yinger"
"CUST00001958","Alvaro","Naff"
"CUST00001959","Olivia","van Dijk"
"CUST00001960","Thelma","Bruno"
"CUST00001961","Andrew","Gieske"
"CUST00001962","Talita","Arcadi"
"CUST00001963","Rachael","Brady"
"CUST00001964","Luka","Uitergeest"
"CUST00001965","Alejandro","Archer"
"CUST00001966","Rick","Cross"
"CUST00001967","Ted","Warner"
"CUST00001968","Sherm","Brown"
"CUST00001969","Jessica","Ditmanen"
"CUST00001970","William","Yinger"
"CUST00001971","Daan","Hollman"
"CUST00001972","Ton","Naff"
"CUST00001973","Mart","Keller"
"CUST00001974","Kimberly","Morgan"
"CUST00001975","Paula","Visentini"
"CUST00001976","Diego","Ratliff"
"CUST00001977","Pawel","Bloom"
"CUST00001978","Raul","Griffith"
"CUST00001979","Steven","Mcnally"
"CUST00001980","Toon","Ostanik"
"CUST00001981","Margo","Carlos"
"CUST00001982","Nigel","Helfrich"
"CUST00001983","Godfrey","Slocum"
"CUST00001984","Stephen","DelRosso"
"CUST00001985","Paul","Rauch"
"CUST00001986","Malgorzata","Manson"
"CUST00001987","Femke","Weaver"
"CUST00001988","Adrian","Katsekes"
"CUST00001989","Samuel","Keller"
"CUST00001990","Kees","Hoogbandt"
"CUST00001991","Cameron","Sakurai"
"CUST00001992","Callum","Hoyt"
"CUST00001993","Florian","Laudanski"
"CUST00001994","Carolina","Bernstein"
"CUST00001995","Harry","Cross"
"CUST00001996","Jose","Kellock"
"CUST00001997","Rick","Pierce"
"CUST00001998","Ainhoa","Katsekes"
"CUST00001999","Paul","Zimmerman"
"CUST00002000","Bill","Katsekes"
"CUST00002001","Tara","Muench"
"CUST00002002","Sam","Angarano"
"CUST00002003","Geoff","Griffioen"
"CUST00002004","Dirk","Gunter"
"CUST00002005","Tom","Thaler"
"CUST00002006","Patricia","Jenssen"
"CUST00002007","Daniel","Alspaugh"
"CUST00002008","Patty","Rivers"
"CUST00002009","Jesse","Rivers"
"CUST00002010","Sherm","Watson"
"CUST00002011","Maximilian","Wood"
"CUST00002012","Isabel","Grote"
"CUST00002013","Duncan","King"
"CUST00002014","Ricky","Angarano"
"CUST00002015","Isak","Climent"
"CUST00002016","Sarah","Polti"
"CUST00002017","Sam","Brown"
"CUST00002018","Nicky","Gua Lima"
"CUST00002019","Trevor","Ostanik"
"CUST00002020","Lincoln","Scheffold"
"CUST00002021","Amber","Huston"
"CUST00002022","Co","Petterson"
"CUST00002023","Lukas","Brennan"
"CUST00002024","Frederik","Symbouras"
"CUST00002025","Maria","Lamere"
"CUST00002026","Amber","Mitchell"
"CUST00002027","Christopher","Cohen"
"CUST00002028","Tom","King"
"CUST00002029","Nienke","Geoppo"
"CUST00002030","Maria","Ayers"
"CUST00002031","Jace","Pensec"
"CUST00002032","Lotte","Boyer"
"CUST00002033","Joseph","Langham	"
"CUST00002034","Filip","Freed"
"CUST00002035","Petra","Kingslan"
"CUST00002036","Thomas","Botsik"
"CUST00002037","Isabel","Pekaban"
"CUST00002038","Ricardo","Durso"
"CUST00002039","Steph","Gieske"
"CUST00002040","Theodore","Langham"
"CUST00002041","Jozef","Wood"
"CUST00002042","Sjaak","Lannigham"
"CUST00002043","Lena","van der Laar"
"CUST00002044","Coby","van Dijk"
"CUST00002045","Dylan","Huffsmitt"
"CUST00002046","Steve","Jessen"
"CUST00002047","Christian","Paul"
"CUST00002048","Shermie","Phillips"
"CUST00002049","Co","Ward	"
"CUST00002050","Talitha","Green"
"CUST00002051","Karen","Freeman"
"CUST00002052","Charlie","Stannard"
"CUST00002053","Ashley","Mairy"
"CUST00002054","Rachel","Pierce"
"CUST00002055","Pauline","Stevenson"
"CUST00002056","Lizzy","Gua Lima"
"CUST00002057","Linnea","Petrzelka"
"CUST00002058","Lara","van Dijk"
"CUST00002059","Syd","Guyer"
"CUST00002060","Co","Ionescu"
"CUST00002061","Dorothy","Sanders"
"CUST00002062","Toon","van der Laar"
"CUST00002063","Iris","Cooper"
"CUST00002064","Jody","Schmidt"
"CUST00002065","Margo","Lee"
"CUST00002066","Steven","Millis"
"CUST00002067","Lizzy","Bergdahl"
"CUST00002068","Susan","Anderson"
"CUST00002069","Mathias","Hardoon"
"CUST00002070","Nick","Paul"
"CUST00002071","Lukas","Mitchell"
"CUST00002072","Sherman","Cantere"
"CUST00002073","Lia","Clarke"
"CUST00002074","Agnieszka","Baltec"
"CUST00002075","Nigel","Bertelson"
"CUST00002076","Emil","Barbee"
"CUST00002077","Shermie","Heyn"
"CUST00002078","Gerrit","Tudisco"
"CUST00002079","Marek","Williamson"
"CUST00002080","Alfons","Cain"
"CUST00002081","Raul","Suszantor"
"CUST00002082","Cath","Yinger"
"CUST00002083","Mike","Linton"
"CUST00002084","Jorge","Foreman"
"CUST00002085","Elin","Wood"
"CUST00002086","Babette","Mayberry"
"CUST00002087","Anna","Trainor"
"CUST00002088","Christian","Riegel"
"CUST00002089","Karen","Cramer"
"CUST00002090","Scotty","Lee"
"CUST00002091","Helen","Lawton"
"CUST00002092","Sharon","Millikin"
"CUST00002093","Karin","Huffsmitt"
"CUST00002094","Anthony","Deans"
"CUST00002095","Ashley","Bogdanovich"
"CUST00002096","Dorothy","Kidd"
"CUST00002097","Tinus","Young"
"CUST00002098","Miriam","Paul"
"CUST00002099","Tinus","Grote"
"CUST00002100","Shermie","Williamson"
"CUST00002101","GertJan","Pekaban"
"CUST00002102","Oscar","Rivers"
"CUST00002103","Javier","Gunter"
"CUST00002104","Sjon","Walker"
"CUST00002105","GertJan","Thaler"
"CUST00002106","Rolla","Morton"
"CUST00002107","Nico","Bertelson"
"CUST00002108","Jeffery","Oyler"
"CUST00002109","Piotr","Ladaille"
"CUST00002110","Claudia","Bernstein"
"CUST00002111","Ewa","Barbee"
"CUST00002112","Hiram","Lawton"
"CUST00002113","Stanislaw","Sirabella"
"CUST00002114","Tinus","Zia"
"CUST00002115","Amy","Stannard"
"CUST00002116","Fabian","Blount"
"CUST00002117","Kayleigh","Scheffold"
"CUST00002118","Eleanor","Chwatal"
"CUST00002119","Mick","King"
"CUST00002120","Wilma","Bloom"
"CUST00002121","Lotte","Ladaille"
"CUST00002122","Martina","Rauch"
"CUST00002123","Camila","Brylle"
"CUST00002124","Rob","Gua Lima"
"CUST00002125","Bob","Troher"
"CUST00002126","Sara","Gua Lima"
"CUST00002127","Jean","Koss"
"CUST00002128","Ollie","Freed"
"CUST00002129","Co","Dittrich"
"CUST00002130","Jeffery","Bogdanovich"
"CUST00002131","Peter","Yinger"
"CUST00002132","Katharina","Moore"
"CUST00002133","Jorge","Gildersleeve"
"CUST00002134","Duncan","Daley"
"CUST00002135","Marieke","Crocetti"
"CUST00002136","Vincent","Reames"
"CUST00002137","Bengie","Gibson"
"CUST00002138","Ciska","Brady"
"CUST00002139","Philippa","Frega"
"CUST00002140","Mary","Thompson"
"CUST00002141","Edwin","Orcutt"
"CUST00002142","Luke","Petterson"
"CUST00002143","Jace","Mariojnisk"
"CUST00002144","Mart","Blacher"
"CUST00002145","Camila","Makelaar"
"CUST00002146","Joseph","Braconi"
"CUST00002147","Carla","Hoyt"
"CUST00002148","Ross","Sharp"
"CUST00002149","Caroline","Gerschkow"
"CUST00002150","Bengie","Herrin"
"CUST00002151","Kayleigh","Zimmerman"
"CUST00002152","Jordy","DelRosso"
"CUST00002153","Margaret","Gildersleeve"
"CUST00002154","Benjamin","van der Laar"
"CUST00002155","Janet","Long"
"CUST00002156","Kimmy","Bernstein"
"CUST00002157","Babet","Ray"
"CUST00002158","Klara","Tudisco"
"CUST00002159","Pieter","Thompson"
"CUST00002160","Tomas","van Dijk"
"CUST00002161","Leo","Jackson"
"CUST00002162","Jordy","Yinger"
"CUST00002163","Bengie","Rivers"
"CUST00002164","Linnea","van Goes"
"CUST00002165","Lewis","Heyn"
"CUST00002166","Cath","Nelson"
"CUST00002167","Andrzej","Gibson"
"CUST00002168","Pawel","Marra"
"CUST00002169","Nico","Wood"
"CUST00002170","Adrian","Gonzalez"
"CUST00002171","Harold","Novratni"
"CUST00002172","Joanne","Baltec"
"CUST00002173","John","Markovi"
"CUST00002174","Wilma","Goodman"
"CUST00002175","Lia","Naff"
"CUST00002176","Jody","Freeman"
"CUST00002177","Anthony","Uitergeest"
"CUST00002178","Nicolas","Marra"
"CUST00002179","Joey","Roche"
"CUST00002180","Kaylee","Harness"
"CUST00002181","Julian","Scheffold"
"CUST00002182","Julie","Linhart"
"CUST00002183","Jill","Ditmanen"
"CUST00002184","Claudia","Anderson"
"CUST00002185","Daniela","King"
"CUST00002186","Pip","Paddock"
"CUST00002187","Ronald","Cooper"
"CUST00002188","Al","Hoogbandt"
"CUST00002189","Scotty","Bertelson"
"CUST00002190","Martina","van Goes"
"CUST00002191","Scott","Newman"
"CUST00002192","Henk","Cramer"
"CUST00002193","Teddy","Long"
"CUST00002194","Ike","Hankins"
"CUST00002195","Lena","Nadalin"
"CUST00002196","Geoffery","Bloom"
"CUST00002197","Camilla","Williamson"
"CUST00002198","Patricia","Guyer"
"CUST00002199","Leo","Pekaban"
"CUST00002200","Sylvia","Stevenson"
"CUST00002201","Mariska","Pengilly"
"CUST00002202","Jeanette","Stockton"
"CUST00002203","Scottie","Ionescu"
"CUST00002204","Cees","Chwatal"
"CUST00002205","Andrew","Gunter"
"CUST00002206","Toon","Mitchell"
"CUST00002207","Hank","Hardoon"
"CUST00002208","Rolla","Bergdahl"
"CUST00002209","Camilla","Helbush"
"CUST00002210","Talita","Hamilton"
"CUST00002211","Viktor","Willis"
"CUST00002212","Alice","Kuehn"
"CUST00002213","Shermie","Sirabella"
"CUST00002214","Charles","LeGrand"
"CUST00002215","William","Friedman"
"CUST00002216","Fabian","Storrs"
"CUST00002217","Mariska","Millis"
"CUST00002218","Zofia","White"
"CUST00002219","Suzanne","Overton"
"CUST00002220","Guus","Jessen"
"CUST00002221","Patty","Beckbau"
"CUST00002222","JanCees","Riegel"
"CUST00002223","Nienke","Turk"
"CUST00002224","Diego","Millikin"
"CUST00002225","Herbert","Evans"
"CUST00002226","Steve","Haynes"
"CUST00002227","Bram","Byrnes"
"CUST00002228","Anna","DeWilde"
"CUST00002229","Michel","Ratliff"
"CUST00002230","Erin","Wood"
"CUST00002231","Vanessa","Zapetis"
"CUST00002232","Rosa","Crocetti"
"CUST00002233","Tony","Johnson"
"CUST00002234","Jace","Kidd"
"CUST00002235","Lauren","Sanders"
"CUST00002236","Caitlin","Barbee"
"CUST00002237","Jordy","Nithman"
"CUST00002238","Tim","Hardoon"
"CUST00002239","Truus","Gerschkow"
"CUST00002240","Francisco","Bright"
"CUST00002241","Alice","Beckbau"
"CUST00002242","Delphine","Korkovski"
"CUST00002243","Thomas","Griffith"
"CUST00002244","Siska","Lejarette"
"CUST00002245","Anton","Jiminez"
"CUST00002246","Caitlin","Riegel"
"CUST00002247","Syd","McCrary"
"CUST00002248","Leontien","Huffsmitt"
"CUST00002249","Tomasz","Baltec"
"CUST00002250","Mikkel","Ward	"
"CUST00002251","Talitha","Royal"
"CUST00002252","Marie","Waldo"
"CUST00002253","Lucy","Donatelli"
"CUST00002254","Tomasz","Boyer"
"CUST00002255","Mathilde","Jackson"
"CUST00002256","Robert","Chapman"
"CUST00002257","Sid","Stannard"
"CUST00002258","Ryan","Nelson"
"CUST00002259","Talitha","Beckbau"
"CUST00002260","Mart","Otto"
"CUST00002261","Coby","Sanders"
"CUST00002262","Cecilie","Nahay"
"CUST00002263","Tobias","Queen"
"CUST00002264","Jeanne","Matthew"
"CUST00002265","Luis","Malone"
"CUST00002266","Nico","Freeman"
"CUST00002267","Al","Grote"
"CUST00002268","Jurre","Makelaar"
"CUST00002269","Gert","Geoppo"
"CUST00002270","Al","Mejia"
"CUST00002271","Charles","DeBerg"
"CUST00002272","Jean","Cross"
"CUST00002273","Gerrit","Wood"
"CUST00002274","Rasmus","Phelps"
"CUST00002275","Andrzej","Clarke"
"CUST00002276","Mathias","Overton"
"CUST00002277","Anne","Stockton"
"CUST00002278","Jacob","Wood"
"CUST00002279","Viktor","Gua Lima"
"CUST00002280","Amber","Makelaar"
"CUST00002281","William","Mitchell"
"CUST00002282","Mike","Voigt"
"CUST00002283","Tomasz","Vostreys"
"CUST00002284","Benjamin","Huston"
"CUST00002285","Cloe","Anthony"
"CUST00002286","Barbara","Wolpert"
"CUST00002287","Elin","Duvall"
"CUST00002288","Kim","Wargula"
"CUST00002289","Krzysztof","Carlos"
"CUST00002290","Scott","Sharp"
"CUST00002291","Camilla","Reyes"
"CUST00002292","Ricardo","Beckbau"
"CUST00002293","Marcin","Julieze"
"CUST00002294","Sjaak","Markovi"
"CUST00002295","Oscar","Poissant"
"CUST00002296","Julia","Carlos"
"CUST00002297","Nigel","Poplock"
"CUST00002298","Carla","Bogdanovich"
"CUST00002299","Julie","Otto"
"CUST00002300","Andrew","Hoyt"
"CUST00002301","Christa","Wood"
"CUST00002302","Lucille","DeWilde"
"CUST00002303","Leontien","Chwatal"
"CUST00002304","Dave","Poole"
"CUST00002305","Cloe","Mcnally"
"CUST00002306","Tom","Praeger"
"CUST00002307","Pieter","Markovi"
"CUST00002308","Scottie","Chapman"
"CUST00002309","Steven","Roger"
"CUST00002310","Dirk","Ostanik"
"CUST00002311","Ike","Lawton"
"CUST00002312","Paul","Waddell"
"CUST00002313","Rasmus","Buchholz"
"CUST00002314","Charles","Novratni"
"CUST00002315","Jules","Maribarski"
"CUST00002316","JanCees","Naff"
"CUST00002317","Herbert","Massingill"
"CUST00002318","Isabelle","White"
"CUST00002319","Johnny","Wong"
"CUST00002320","Gabbie","Shapiro"
"CUST00002321","Ciara","Symms"
"CUST00002322","Sarah","Moreau"
"CUST00002323","Isaac","Bugno"
"CUST00002324","Lizzy","Paul"
"CUST00002325","Jody","Clark"
"CUST00002326","Lizzy","Caouette"
"CUST00002327","Rachael","Moore"
"CUST00002328","Nate","Seibel"
"CUST00002329","Juana","Paddock"
"CUST00002330","Cian","Naley"
"CUST00002331","Cristian","Laudanski"
"CUST00002332","Sjaak","Lee"
"CUST00002333","Frederik","Byrnes"
"CUST00002334","Zofia","Kidd"
"CUST00002335","Jolanda","Beckbau"
"CUST00002336","Nick","Anthony"
"CUST00002337","Martina","Nelson"
"CUST00002338","Peg","Franklin"
"CUST00002339","Victor","Morton"
"CUST00002340","Joanne","Cramer"
"CUST00002341","Richard","Young"
"CUST00002342","Ann","Polti"
"CUST00002343","Edward","Jackson"
"CUST00002344","Nate","Stevenson"
"CUST00002345","Trevor","Haynes"
"CUST00002346","Juan","Koss"
"CUST00002347","Alexis","Howe"
"CUST00002348","Pablo","Forsberg"
"CUST00002349","Ashley","Zia"
"CUST00002350","Ulla","Uitergeest"
"CUST00002351","Sam","Dulisse"
"CUST00002352","Marek","Poole"
"CUST00002353","Sjaak","Cantere"
"CUST00002354","Scottie","Friedman"
"CUST00002355","Luis","Pekaban"
"CUST00002356","Jo","Bright"
"CUST00002357","Scott","Crocetti"
"CUST00002358","Jean","van der Laar"
"CUST00002359","Sjaak","Jones"
"CUST00002360","Izzy","Chwatal"
"CUST00002361","Cloe","Laudanski"
"CUST00002362","Georgina","Weaver"
"CUST00002363","Christopher","Duvall"
"CUST00002364","Talita","Willis"
"CUST00002365","Rich","Toreau"
"CUST00002366","Pete","Blount"
"CUST00002367","Ida","Hendrix"
"CUST00002368","GertJan","Glanswol"
"CUST00002369","Pedro","Wilson"
"CUST00002370","Mikkel","Ladaille"
"CUST00002371","Scotty","Framus"
"CUST00002372","Herbert","Wakefield"
"CUST00002373","Helma","Slocum"
"CUST00002374","Adrian","Kepler"
"CUST00002375","Andrew","Seibel"
"CUST00002376","Alice","Ladaille"
"CUST00002377","Leah","Deans"
"CUST00002378","Alejandro","Ratliff"
"CUST00002379","Ivan","Hardoon"
"CUST00002380","Dave","Poole"
"CUST00002381","Cristina","DeBuck"
"CUST00002382","Andy","Dean"
"CUST00002383","Gerrit","Cragin"
"CUST00002384","Cameron","Toler"
"CUST00002385","Chris","Pickering"
"CUST00002386","Herman","Gibson"
"CUST00002387","Amber","Herring"
"CUST00002388","Talitha","Ahlgren"
"CUST00002389","Sjanie","Green"
"CUST00002390","Lauren","Hankins"
"CUST00002391","Roger","Wolpert"
"CUST00002392","Matthew","Cramer"
"CUST00002393","Ivan","Nobles"
"CUST00002394","Hugo","Robertson"
"CUST00002395","Edwin","Bogdanovich"
"CUST00002396","Bram","Pensec"
"CUST00002397","Elizabeth","Griffioen"
"CUST00002398","Marie","Stannard"
"CUST00002399","Ada","Paddock"
"CUST00002400","Caroline","Lannigham"
"CUST00002401","Ana","Hoyt"
"CUST00002402","Elin","Huston"
"CUST00002403","Ron","Linhart"
"CUST00002404","Ainhoa","Nadalin"
"CUST00002405","Alice","Nefos"
"CUST00002406","Andrzej","Wesolowski"
"CUST00002407","Bill","Willis"
"CUST00002408","Ellie","Zapetis"
"CUST00002409","Rachael","Stannard"
"CUST00002410","Miriam","Blount"
"CUST00002411","Alice","Cappello"
"CUST00002412","Fons","Griffith"
"CUST00002413","Jesse","Walker"
"CUST00002414","Gill","Gibson"
"CUST00002415","Ada","McCrary"
"CUST00002416","Nicolas","Liddle"
"CUST00002417","Lucia","Fox"
"CUST00002418","Marco","Nefos"
"CUST00002419","Kees","Herzog"
"CUST00002420","Julia","Rauch"
"CUST00002421","Charlie","Mejia"
"CUST00002422","Bram","Sanders"
"CUST00002423","Hank","Pearlman"
"CUST00002424","Dylan","Otto"
"CUST00002425","Rik","Williamson"
"CUST00002426","Chris","Ayers"
"CUST00002427","Freja","McCormick"
"CUST00002428","Sam","King"
"CUST00002429","Albert","Whitehurst"
"CUST00002430","Andrea","Wolpert"
"CUST00002431","Julian","Herzog"
"CUST00002432","Maaike","Dean"
"CUST00002433","Shermie","Rivers"
"CUST00002434","Jose","Barbee"
"CUST00002435","Izzy","Allison"
"CUST00002436","Joop","Poplock"
"CUST00002437","Godfrey","Voigt"
"CUST00002438","Alexis","McDaniel"
"CUST00002439","David","Miller"
"CUST00002440","James","Jones"
"CUST00002441","Bert","Paddock"
"CUST00002442","Camilla","Wolpert"
"CUST00002443","Joseph","Thompson"
"CUST00002444","Rolla","Moon"
"CUST00002445","Krystyna","Krutkov"
"CUST00002446","Steven","Clarke"
"CUST00002447","Benjamin","DeBuck"
"CUST00002448","Babette","Angarano"
"CUST00002449","Philip","Geoppo"
"CUST00002450","Francisco","Mejia"
"CUST00002451","Gerrit","Storrs"
"CUST00002452","Zofia","Schlee"
"CUST00002453","Oscar","van Goes"
"CUST00002454","David","Koch"
"CUST00002455","Rachael","Cramer"
"CUST00002456","Ivan","Vostreys"
"CUST00002457","Ewa","Millis"
"CUST00002458","Bill","Ostanik"
"CUST00002459","Catherine","Pekagnan"
"CUST00002460","Chuck","Ostanik"
"CUST00002461","Claudia","Gildersleeve"
"CUST00002462","Steven","Thompson"
"CUST00002463","Vincent","Moon"
"CUST00002464","Andrea","Ratliff"
"CUST00002465","Dylan","Toreau"
"CUST00002466","Ana","Chwatal"
"CUST00002467","JanCees","Williams"
"CUST00002468","Gillian","McCormick"
"CUST00002469","Dick","Nahay"
"CUST00002470","Gabbie","Wolpert"
"CUST00002471","Cees","Morgan"
"CUST00002472","Sydney","DeWald"
"CUST00002473","Jozef","Linton"
"CUST00002474","Oscar","Arcadi"
"CUST00002475","Jesse","Mejia"
"CUST00002476","Claudia","DeWilde"
"CUST00002477","Emma","Fox"
"CUST00002478","Sem","Gua Lima"
"CUST00002479","Jim","Comeau"
"CUST00002480","Sjon","Anderson"
"CUST00002481","Hannah","Julieze"
"CUST00002482","Zofia","Pensec"
"CUST00002483","Talita","Press"
"CUST00002484","Christa","Kidd"
"CUST00002485","Coby","Prior"
"CUST00002486","Ester","Sharp"
"CUST00002487","Raul","Ladaille"
"CUST00002488","Agnieszka","Anderson"
"CUST00002489","Katarzyna","Meterson"
"CUST00002490","Camilla","Young"
"CUST00002491","George","Menovosa"
"CUST00002492","Lukas","Knight"
"CUST00002493","Sharon","Morton"
"CUST00002494","Fons","Barbee"
"CUST00002495","Ricardo","Dean"
"CUST00002496","Niklas","Robbins"
"CUST00002497","Lea","Naley"
"CUST00002498","Liza","Kuehn"
"CUST00002499","Edward","Mulders"
"CUST00002500","Agnieszka","Griffioen"
